"X","twitter_handle","example","user_id","party","label"
1,"TeamPetraPau","hier twittert das Team von Petra Pau/Marzahn-Hellersdorf #mahe  PAUer f√ºr die LINKE",1683825126,"DIE LINKE","0 √∂konomisch links + libert√§r"
11,"Linksfraktion","Die soziale Opposition: Feministisch. Sozialistisch. Friedlich. F√ºr dich! üïäü¶∫üå≥‚úä",18933321,"DIE LINKE","0 √∂konomisch links + libert√§r"
22,"SusanneFerschl","MdB DIE LINKE l Stellvertretende Fraktionsvorsitzende I verantwortlich f√ºr Arbeit, Soziales und Gesundheit I Gewerkschafterin I @linksfraktion I twittert selbst",1096063189229330048,"DIE LINKE","0 √∂konomisch links + libert√§r"
27,"ClaudiaMollMdB","MdB f√ºr die Menschen in der St√§dteregion Aachen. Mit Leidenschaft in Berlin. Altenpflegefachkraft und Sozi mit Herz.",1070312229139025920,"SPD","0 √∂konomisch links + libert√§r"
32,"jessica_tatti","Mitglied des Bundestages | Sprecherin f√ºr Arbeitsmarkt- und Sozialpolitik @linksfraktion üö© Wahlkreis Reutlingen, Baden-W√ºrttemberg",1020297087970220032,"DIE LINKE","0 √∂konomisch links + libert√§r"
63,"Amira_M_Ali","Mitglied des Bundestages | Vorsitzende der @Linksfraktion  https://t.co/R8w0c33WAh",932029228886065024,"DIE LINKE","0 √∂konomisch links + libert√§r"
116,"AkbulutGokay","MdB @Linksfraktion im Bundestag | Sprecherin f√ºr Migration, Familie und b√ºrgerschaftliches Engagement | Federal Parl. Milletvekili | es twittern G√∂kay & Team",800257587510276992,"DIE LINKE","0 √∂konomisch links + libert√§r"
136,"ZdebelHubertus","Von 2013-2021 war ich MdB in der #Linksfraktion und deren Sprecher f√ºr den Atomausstieg. #dieLinke",2557858122,"DIE LINKE","0 √∂konomisch links + libert√§r"
139,"NorbertMuellerP","sozialistisch - links - demokratisch - antifaschistisch. Hier privat.",2265222913,"DIE LINKE","0 √∂konomisch links + libert√§r"
121,"jankortemdb","1. PGF & kulturpolitischer Sprecher @Linksfraktion. Stellv. Vorsitzender @rosaluxstiftung. Hier twittern Jan & Team.   üêò @jankorte@social.linksfraktion.de",2162673821,"DIE LINKE","0 √∂konomisch links + libert√§r"
12,"GZickenheiner","Mitglied des Bundestages a.D. @gruenebundestag üåª in der 19. Wahlperiode. Wahlkreis L√∂rrach/M√ºllheim #S√ºdbaden",1201838123821199872,"B√ºndnis 90/Die Gr√ºnen","1 √∂konomisch neutral + libert√§r"
22,"ManuelaRottman","MdB, Gr√ºne, Freilandei, Juristin.  Meinung hier: rein privat",982735266783232000,"B√ºndnis 90/Die Gr√ºnen","1 √∂konomisch neutral + libert√§r"
28,"bhoffmann_mdb","Parl. Staatssekret√§rin @BMUV, MdB @gruenebundestag, Diplom-Biologin (Dr. rer. nat.), Team-Tweets: T",971020122220721024,"B√ºndnis 90/Die Gr√ºnen","1 √∂konomisch neutral + libert√§r"
51,"KatjaKeul","Gr√ºne Bundestagsabgeordnete aus Niedersachsen ‚Äì Anw√§ltin f√ºr Frieden, Recht und Freiheit ‚Äì Staatsministerin im Ausw√§rtigen Amt | twittert hier ganz privat",959105206216162944,"B√ºndnis 90/Die Gr√ºnen","1 √∂konomisch neutral + libert√§r"
52,"KirstenKappert","Bundestagsabgeordnete f√ºr Bremen von @die_gruenen, amtierende Vorsitzende des Gesundheitsausschuss #Feminismus #Cannabis #decolonize #Bremen",955357682013953024,"B√ºndnis 90/Die Gr√ºnen","1 √∂konomisch neutral + libert√§r"
56,"Erhard_Grundl","im #Bundestag f√ºr @GrueneBundestag / #Niederbayern/ Sprecher f√ºr #Kulturpolitik und #Medienpolitik/ Ausw√§rtige Kultur- & Bildungspolitik/ IG: erhard.grundl",951773879822880768,"B√ºndnis 90/Die Gr√ºnen","1 √∂konomisch neutral + libert√§r"
65,"Schmidt_MdB","Oberpf√§lzer ‚Ä¢ tourismuspolit. Sprecher @GrueneBundestag | #Verbraucherschutz | nachhaltiger #Tourismus | #Altersvorsorge | #Kommunalfinanzen   ‚Ä¢Team twittert mit",930725836282929024,"B√ºndnis 90/Die Gr√ºnen","1 √∂konomisch neutral + libert√§r"
213,"ChrisKuehn_mdb","MdB f√ºr #T√ºbingen | Parlamentarischer Staatssekret√§r @BMUV | Mitglied @GrueneBundestag  (hier privat)",1123130812,"B√ºndnis 90/Die Gr√ºnen","1 √∂konomisch neutral + libert√§r"
283,"IreneMihalic","MdB aus #Gelsenkirchen | Erste Parlamentarische Gesch√§ftsf√ºhrerin @GrueneBundestag | Mitglied des Parlamentarischen Kontrollgremiums PKGr #Innenpolitik2Life",123000381,"B√ºndnis 90/Die Gr√ºnen","1 √∂konomisch neutral + libert√§r"
289,"KaiGehring","Ausschussvorsitzender Bildung & Forschung | Essener Arbeiterkind im Bundestag @gruenebundestag üëâ https://t.co/nwwdK6LgfR",110368256,"B√ºndnis 90/Die Gr√ºnen","1 √∂konomisch neutral + libert√§r"
2,"TeamDieSchmidt","Hier tweetet, textet und publiziert das Team der SPD Bundestagsabgeordneten Dagmar Schmidt @dieschmidt (Lahn-Dill-Kreis, Wettenberg, Biebertal).",1377117206,"SPD","2 √∂konomisch neutral + libert√§r/autorit√§r"
2,"schwarz_spd","SPD Bundestagskandidat f√ºr Bamberg und Forchheim Andreas Schwarz.",53617577,"SPD","2 √∂konomisch neutral + libert√§r/autorit√§r"
5,"HiltrudLotze","Sozialdemokratin | Lueneburg | Mitglied des Deutschen Bundestages",38272927,"SPD","2 √∂konomisch neutral + libert√§r/autorit√§r"
6,"AfDimBundestag","AfD-Fraktion im Deutschen Bundestag https://t.co/Ykqu1braRO",910913583168573440,"AfD","2 √∂konomisch neutral + libert√§r/autorit√§r"
7,"spdbt","Hier twittert der Newsdesk der SPD-Bundestagsfraktion. Impressum, aktuelle Podcast-Folgen und spannende Links: https://t.co/e2l15mSRwd",327792520,"SPD","2 √∂konomisch neutral + libert√§r/autorit√§r"
9,"spdbt_netz","Hier twittert die Arbeitsgruppe Digitales der SPD-Bundestagsfraktion. Impressum: https://t.co/si2fLgkKg8",127620350,"SPD","2 √∂konomisch neutral + libert√§r/autorit√§r"
16,"DagmarFreitag13","MdB 1992-2021 ‚Ä¢ SPD ‚Ä¢ Transatlantikerin  ‚Ä¢ Vors. Sport-Ausschuss 2009-2021 ‚Ä¢ Sauerland ‚Ä¢ Leichtathletik ‚Ä¢ Anti-Doping ‚Ä¢ True Athletes ‚Ä¢",1128916258983960064,"SPD","2 √∂konomisch neutral + libert√§r/autorit√§r"
17,"ElisabethMotsc1","Mitglied des Deutschen Bundestages von 2013-2021 |Staatsr√§tin a.D. | Bremen",1135510177292197888,"CSU","2 √∂konomisch neutral + libert√§r/autorit√§r"
21,"ruetzelbernd","MdB | Main-Spessart/Miltenberg | Vorsitzender des Ausschusses Arbeit und Soziales | SPD-Bezirksvorsitzender Unterfranken",1113002723733990016,"SPD","2 √∂konomisch neutral + libert√§r/autorit√§r"
26,"BerndWestphal2","politisch, pragmatisch, SPD",1071665223120249984,"SPD","2 √∂konomisch neutral + libert√§r/autorit√§r"
3,"reinhardbrandl","Mitglied im Verteidigungsausschuss üá∫üá¶   Mitglied im Ausschuss f√ºr Digitales   Sprecher f√ºr Digitales   @cducsubt",262730721,"CSU","3 √∂konomisch neutral + autorit√§r"
8,"cducsupm","Alle Pressemitteilungen der @cducsubt auf einen Blick!  Hier wird automatisiert getwittert ‚Ä¢ Impressum: https://t.co/KGbVUwXufa",308215277,"CSU","3 √∂konomisch neutral + autorit√§r"
10,"cducsubt","Die Unionsfraktion im Deutschen Bundestag ‚Ä¢ Fraktionschef: @_FriedrichMerz  ‚Ä¢ Sprecher: @warrings ‚Ä¢ Impressum: https://t.co/mrapTIrRLC",26085533,"CSU","3 √∂konomisch neutral + autorit√§r"
12,"thorsten_frei","MdB ‚Ä¢Erster Parlamentarischer Gesch√§ftsf√ºhrer @cducsubt ‚Ä¢Stv. Landesvorsitzender @cdu_bw ‚Ä¢Oberb√ºrgermeister a.D. ‚Ä¢Jurist ‚Ä¢Familienvater",1181598578508214272,"CDU","3 √∂konomisch neutral + autorit√§r"
15,"MPatzeltCDU","@CDU MdB a.D. f√ºr Frankfurt(Oder)- Oder-Spree. Themen: #Familien, #Menschenrechte & #Ehrenamt",1159072277726589952,"CDU","3 √∂konomisch neutral + autorit√§r"
19,"StegemannAlbert","Agrarpolitischer Sprecher der CDU/CSU-Bundestagsfraktion",1127961228293129984,"CSU","3 √∂konomisch neutral + autorit√§r"
25,"AntjeTillmann","CDU Bundestagsabgeordnete f√ºr Erfurt, Weimar und das Grammetal - Finanzpolitische Sprecherin der CDU/CSU- Bundestagsfraktion",1082925763316367360,"CSU","3 √∂konomisch neutral + autorit√§r"
29,"_ThomasRachel","direkt gew√§hlt f√ºr den Kreis D√ºrenüçÄ, NRW | Parl. Staatssekret√§r a.D. | Religionspolitischer Sprecher @cducsubt | Entwicklungspolitiküåæ| Ausw√§rtiges ü§ùüåé",1052522172717379968,"CDU","3 √∂konomisch neutral + autorit√§r"
33,"DaniLudwigMdB","Bundestagsabgeordnete der @CSU    Ausschussvorsitzende, Wahlkreis Rosenheim / Bayern, Vorsitzende @brkrosenheim",1019826605022919936,"CSU","3 √∂konomisch neutral + autorit√§r"
60,"MBiadaczMdB","üèõ im Bundestag f√ºr den Landkreis B√∂blingen | üñ§ CDUler | ü¶æ Digitales, Arbeit & Soziales | üá™üá∫ √ºberzeugter Europ√§er",935815000006051968,"CDU","3 √∂konomisch neutral + autorit√§r"
22,"HoffmannForest","MdB | FDP-Fraktion | Stv. Vorsitzender des Ausschusses f√ºr wirtschaftliche Zusammenarbeit und Entwicklung | S√ºdbaden | F√∂rster | B√ºrgermeister a.D.",1085292381205219968,"FDP","4 √∂konomisch rechts + libert√§r/autorit√§r"
28,"nicole_ae_bauer","Mitglied des Bundestages f√ºr Niederbayern | FDP | Sprecherin f√ºr Frauenpolitik und Diversity | Mittelstand & Innovation | Ingenieurin üöÄ",1061873979760263168,"FDP","4 √∂konomisch rechts + libert√§r/autorit√§r"
36,"mseesternpauly","Mitglied des Bundestages | Familienpolitischer Sprecher @fdpbt | Osnabr√ºcker Land | https://t.co/fS2hk7f7An",1006099793888819968,"FDP","4 √∂konomisch rechts + libert√§r/autorit√§r"
38,"RenataAlt_MdB","MdB | Vorsitzende des Ausschusses f√ºr Menschenrechte und humanit√§re Hilfe | Mitglied @fdpbt-Fraktionsvorstand",1001837201276220032,"FDP","4 √∂konomisch rechts + libert√§r/autorit√§r"
39,"BrittaDassler","Bundestagsabgeordnete aus Herzogenaurach f√ºr die @FDP | Sportpolitische Sprecherin der @fdpbt",998867063272921984,"FDP","4 √∂konomisch rechts + libert√§r/autorit√§r"
20,"HerbrandMarkus","MdB | Finanzpolitischer Sprecher und Obmann im #Finanzausschuss | #FDP | #Eifel | Begeisterung f√ºr #Politik, (Rock-)Musik, @fckoeln & ausgiebige Wanderungen",997138767763750912,"FDP","4 √∂konomisch rechts + libert√§r/autorit√§r"
21,"MdBKlein","Landesgruppenchef der @fdplgby Bundestagsabgeordneten #MdB | Obmann im Haushaltsausschuss f√ºr die @fdpbt | Stadtrat in Aschaffenburg",995228292023085952,"FDP","4 √∂konomisch rechts + libert√§r/autorit√§r"
22,"NicoleWestig","#MdB | Pflegepolitische Sprecherin @fdpbt",989125229682525952,"FDP","4 √∂konomisch rechts + libert√§r/autorit√§r"
23,"ulrichlechte","MdB aus Regensburg | Au√üenpolitischer Sprecher @fdpbt | Obmann im Ausw√§rtigen Ausschuss | Stellv. Landesvorsitzender @fdpbay",988765113606918144,"FDP","4 √∂konomisch rechts + libert√§r/autorit√§r"
25,"theliberalfrank","F√ºr die @fdpsachsen Mitglied des Deutschen Bundestages | @fdpbt | Ausw√§rtiger Ausschuss | Freiheit ist alles au√üer selbstverst√§ndlich | Stadtrat in Chemnitz",982028002967981952,"FDP","4 √∂konomisch rechts + libert√§r/autorit√§r"
35,"DrRobbySchlund","ist ein deutscher Politiker (AfD) und seit 2017 Mitglied des Deutschen Bundestages.    is a German politician (AfD) and member of the German Bundestag since 2017.",1009025255753601024,"AfD","5 √∂konomisch rechts + autorit√§r"
37,"WolfgangWiehle","Mitglied des deutschen Bundestages (AfD), Mitglied des Haushaltsausschusses und des Verkehrsausschusses",1003656299589132288,"AfD","5 √∂konomisch rechts + autorit√§r"
50,"JoernKoenigAfD","MdB und sportpolitischer Sprecher der @AfD Bundestagsfraktion. Weiterer Schwerpunkt: Digitale Finanzwirtschaft / Kreisvorsitzender Hannover Stadt.",960972630709284992,"AfD","5 √∂konomisch rechts + autorit√§r"
70,"ChrWirthMdB","Dr. Christian Wirth, f√ºr das #Saarland und die #AfD im Bundestag",920193967937019904,"AfD","5 √∂konomisch rechts + autorit√§r"
71,"Martin_Sichert","Hier twittert Martin Sichert, Gesundheitspolitischer Sprecher der AfD im Deutschen Bundestag",918205860862381952,"AfD","5 √∂konomisch rechts + autorit√§r"
72,"JuergenBraunAfD","@AfDimBundestag-Abgeordneter | Sprecher f√ºr #Menschenrechte, Obmann im Ausschu√ü f√ºr Menschenrechte im #Bundestag; #Umweltausschu√ü | https://t.co/YlgpsEon92",917756296555892736,"AfD","5 √∂konomisch rechts + autorit√§r"
72,"Th_Seitz_AfD","Rechtspolitischer Sprecher der @AfDimBundestag und Mitglied des Kreistages des Ortenaukreises",913358838736310272,"AfD","5 √∂konomisch rechts + autorit√§r"
75,"SteffenKotre","MdB 20. Deutscher @Bundestag | Energiepolitscher Sprecher der AfD im Bundestag | Tweets: SK&Team",912223223231229056,"AfD","5 √∂konomisch rechts + autorit√§r"
76,"andreasbleckmdb","Mitglied der @AfDimBundestag, Umweltpolitiker, Fu√üballschiedsrichter, verheiratet, konfessionslos",910878652535750016,"AfD","5 √∂konomisch rechts + autorit√§r"
79,"DrMEspendiller","MdB, Mathematiker, NRW üìà Sprecher der Landesgruppe NRW der @AfDimBundestag üìë Politik mit Zahlen, Daten, Fakten     https://t.co/289KgIEfGE",885167829685319936,"AfD","5 √∂konomisch rechts + autorit√§r"
0,"ManjaSchuele","Ministerin f√ºr Wissenschaft, Forschung und Kultur denn #ZukunftwirdinBrandenburggemacht, hier privat",827090722162099968,"SPD","6 keine Kategorie"
13,"juergen_martens","üíº Bundestagsabgeordneter 17-21 | ‚öñÔ∏è Rechtspolitischer Sprecher 17-21 | S√§chs. Justizminister a.D.",1187686813168820224,"FDP","6 keine Kategorie"
18,"MichaelHennric2","Bundestagsabgeordneter aus dem Wahlkreis N√ºrtingen",1132260527378290048,"CDU","6 keine Kategorie"
20,"gitta_connemann","Bundesvorsitzende @MIT_bund",1125751225205260032,"CDU","6 keine Kategorie"
23,"MaagKarin","Unparteiisches Mitglied beim GBA ehem.Gesundheitspolitische Sprecherin der CDU/CSU Fraktion",1095023250790550016,"CDU","6 keine Kategorie"
31,"n_roettgen","Mitglied des Deutschen Bundestages | Ausw√§rtiger Ausschuss üåè | Optimismus üöÄ Europa üá™üá∫ und Espresso ‚òïÔ∏è",1020160799208160000,"CDU","6 keine Kategorie"
52,"FrStraetmanns","Ostwestfale seit Geburt! Zur Zeit aktiv in MV, L√§ufer, Fu√üballer und Camper .Dies ist mein privater Account!",959059951523106816,"DIE LINKE","6 keine Kategorie"
58,"Jacobi_AfD","Nein.  Nicht F. Jacobi,  ein anderer!",922181129222898048,"AfD","6 keine Kategorie"
62,"MieruchMario","Dipl.-Ing.(BA) Mechatronik | industrial automation | k√§mpft f√ºr das freie Mandat | Bundesvorsitzender BFA e.V. | DIG Berlin/BBG |  Glaubw√ºrdigkeit & Integrit√§t",932931561015730176,"Liberal-Konservative Reformer","6 keine Kategorie"
80,"BrunnerGanzOhr","üåà F√ºr die Menschen und Twitter-Bots ""ganz Ohr"".",882929865535705088,"SPD","6 keine Kategorie"
