X,twitter_handle,example,user_id,party,label
1,TeamPetraPau,hier twittert das Team von Petra Pau/Marzahn-Hellersdorf #mahe  PAUer fÃ¼r die LINKE,1683825126,DIE LINKE,0
11,Linksfraktion,Die soziale Opposition: Feministisch. Sozialistisch. Friedlich. FÃ¼r dich! ğŸ•ŠğŸ¦ºğŸŒ³âœŠ,18933321,DIE LINKE,0
22,SusanneFerschl,"MdB DIE LINKE l Stellvertretende Fraktionsvorsitzende I verantwortlich fÃ¼r Arbeit, Soziales und Gesundheit I Gewerkschafterin I @linksfraktion I twittert selbst",1.09606318922933E+018,DIE LINKE,0
27,ClaudiaMollMdB,MdB fÃ¼r die Menschen in der StÃ¤dteregion Aachen. Mit Leidenschaft in Berlin. Altenpflegefachkraft und Sozi mit Herz.,1.07031222913903E+018,SPD,0
32,jessica_tatti,"Mitglied des Bundestages | Sprecherin fÃ¼r Arbeitsmarkt- und Sozialpolitik @linksfraktion ğŸš© Wahlkreis Reutlingen, Baden-WÃ¼rttemberg",1.02029708797022E+018,DIE LINKE,0
63,Amira_M_Ali,Mitglied des Bundestages | Vorsitzende der @Linksfraktion  https://t.co/R8w0c33WAh,9.32029228886065E+017,DIE LINKE,0
116,AkbulutGokay,"MdB @Linksfraktion im Bundestag | Sprecherin fÃ¼r Migration, Familie und bÃ¼rgerschaftliches Engagement | Federal Parl. Milletvekili | es twittern GÃ¶kay & Team",8.00257587510277E+017,DIE LINKE,0
136,ZdebelHubertus,Von 2013-2021 war ich MdB in der #Linksfraktion und deren Sprecher fÃ¼r den Atomausstieg. #dieLinke,2557858122,DIE LINKE,0
139,NorbertMuellerP,sozialistisch - links - demokratisch - antifaschistisch. Hier privat.,2265222913,DIE LINKE,0
121,jankortemdb,1. PGF & kulturpolitischer Sprecher @Linksfraktion. Stellv. Vorsitzender @rosaluxstiftung. Hier twittern Jan & Team.   ğŸ˜ @jankorte@social.linksfraktion.de,2162673821,DIE LINKE,0
12,GZickenheiner,Mitglied des Bundestages a.D. @gruenebundestag ğŸŒ» in der 19. Wahlperiode. Wahlkreis LÃ¶rrach/MÃ¼llheim #SÃ¼dbaden,1.2018381238212E+018,BÃ¼ndnis 90/Die GrÃ¼nen,1
22,ManuelaRottman,"MdB, GrÃ¼ne, Freilandei, Juristin.  Meinung hier: rein privat",9.82735266783232E+017,BÃ¼ndnis 90/Die GrÃ¼nen,1
28,bhoffmann_mdb,"Parl. StaatssekretÃ¤rin @BMUV, MdB @gruenebundestag, Diplom-Biologin (Dr. rer. nat.), Team-Tweets: T",9.71020122220721E+017,BÃ¼ndnis 90/Die GrÃ¼nen,1
51,KatjaKeul,"GrÃ¼ne Bundestagsabgeordnete aus Niedersachsen â€“ AnwÃ¤ltin fÃ¼r Frieden, Recht und Freiheit â€“ Staatsministerin im AuswÃ¤rtigen Amt | twittert hier ganz privat",9.59105206216163E+017,BÃ¼ndnis 90/Die GrÃ¼nen,1
52,KirstenKappert,"Bundestagsabgeordnete fÃ¼r Bremen von @die_gruenen, amtierende Vorsitzende des Gesundheitsausschuss #Feminismus #Cannabis #decolonize #Bremen",9.55357682013953E+017,BÃ¼ndnis 90/Die GrÃ¼nen,1
56,Erhard_Grundl,im #Bundestag fÃ¼r @GrueneBundestag / #Niederbayern/ Sprecher fÃ¼r #Kulturpolitik und #Medienpolitik/ AuswÃ¤rtige Kultur- & Bildungspolitik/ IG: erhard.grundl,9.51773879822881E+017,BÃ¼ndnis 90/Die GrÃ¼nen,1
65,Schmidt_MdB,OberpfÃ¤lzer â€¢ tourismuspolit. Sprecher @GrueneBundestag | #Verbraucherschutz | nachhaltiger #Tourismus | #Altersvorsorge | #Kommunalfinanzen   â€¢Team twittert mit,9.30725836282929E+017,BÃ¼ndnis 90/Die GrÃ¼nen,1
213,ChrisKuehn_mdb,MdB fÃ¼r #TÃ¼bingen | Parlamentarischer StaatssekretÃ¤r @BMUV | Mitglied @GrueneBundestag  (hier privat),1123130812,BÃ¼ndnis 90/Die GrÃ¼nen,1
283,IreneMihalic,MdB aus #Gelsenkirchen | Erste Parlamentarische GeschÃ¤ftsfÃ¼hrerin @GrueneBundestag | Mitglied des Parlamentarischen Kontrollgremiums PKGr #Innenpolitik2Life,123000381,BÃ¼ndnis 90/Die GrÃ¼nen,1
289,KaiGehring,Ausschussvorsitzender Bildung & Forschung | Essener Arbeiterkind im Bundestag @gruenebundestag ğŸ‘‰ https://t.co/nwwdK6LgfR,110368256,BÃ¼ndnis 90/Die GrÃ¼nen,1
2,TeamDieSchmidt,"Hier tweetet, textet und publiziert das Team der SPD Bundestagsabgeordneten Dagmar Schmidt @dieschmidt (Lahn-Dill-Kreis, Wettenberg, Biebertal).",1377117206,SPD,2
2,schwarz_spd,SPD Bundestagskandidat fÃ¼r Bamberg und Forchheim Andreas Schwarz.,53617577,SPD,2
5,HiltrudLotze,Sozialdemokratin | Lueneburg | Mitglied des Deutschen Bundestages,38272927,SPD,2
6,AfDimBundestag,AfD-Fraktion im Deutschen Bundestag https://t.co/Ykqu1braRO,9.10913583168573E+017,AfD,2
7,spdbt,"Hier twittert der Newsdesk der SPD-Bundestagsfraktion. Impressum, aktuelle Podcast-Folgen und spannende Links: https://t.co/e2l15mSRwd",327792520,SPD,2
9,spdbt_netz,Hier twittert die Arbeitsgruppe Digitales der SPD-Bundestagsfraktion. Impressum: https://t.co/si2fLgkKg8,127620350,SPD,2
16,DagmarFreitag13,MdB 1992-2021 â€¢ SPD â€¢ Transatlantikerin  â€¢ Vors. Sport-Ausschuss 2009-2021 â€¢ Sauerland â€¢ Leichtathletik â€¢ Anti-Doping â€¢ True Athletes â€¢,1.12891625898396E+018,SPD,2
17,ElisabethMotsc1,Mitglied des Deutschen Bundestages von 2013-2021 |StaatsrÃ¤tin a.D. | Bremen,1.1355101772922E+018,CSU,2
21,ruetzelbernd,MdB | Main-Spessart/Miltenberg | Vorsitzender des Ausschusses Arbeit und Soziales | SPD-Bezirksvorsitzender Unterfranken,1.11300272373399E+018,SPD,2
26,BerndWestphal2,"politisch, pragmatisch, SPD",1.07166522312025E+018,SPD,2
3,reinhardbrandl,Mitglied im Verteidigungsausschuss ğŸ‡ºğŸ‡¦   Mitglied im Ausschuss fÃ¼r Digitales   Sprecher fÃ¼r Digitales   @cducsubt,262730721,CSU,3
8,cducsupm,Alle Pressemitteilungen der @cducsubt auf einen Blick!  Hier wird automatisiert getwittert â€¢ Impressum: https://t.co/KGbVUwXufa,308215277,CSU,3
10,cducsubt,Die Unionsfraktion im Deutschen Bundestag â€¢ Fraktionschef: @_FriedrichMerz  â€¢ Sprecher: @warrings â€¢ Impressum: https://t.co/mrapTIrRLC,26085533,CSU,3
12,thorsten_frei,MdB â€¢Erster Parlamentarischer GeschÃ¤ftsfÃ¼hrer @cducsubt â€¢Stv. Landesvorsitzender @cdu_bw â€¢OberbÃ¼rgermeister a.D. â€¢Jurist â€¢Familienvater,1.18159857850821E+018,CDU,3
15,MPatzeltCDU,"@CDU MdB a.D. fÃ¼r Frankfurt(Oder)- Oder-Spree. Themen: #Familien, #Menschenrechte & #Ehrenamt",1.15907227772659E+018,CDU,3
19,StegemannAlbert,Agrarpolitischer Sprecher der CDU/CSU-Bundestagsfraktion,1.12796122829313E+018,CSU,3
25,AntjeTillmann,"CDU Bundestagsabgeordnete fÃ¼r Erfurt, Weimar und das Grammetal - Finanzpolitische Sprecherin der CDU/CSU- Bundestagsfraktion",1.08292576331637E+018,CSU,3
29,_ThomasRachel,"direkt gewÃ¤hlt fÃ¼r den Kreis DÃ¼renğŸ€, NRW | Parl. StaatssekretÃ¤r a.D. | Religionspolitischer Sprecher @cducsubt | EntwicklungspolitikğŸŒ¾| AuswÃ¤rtiges ğŸ¤ğŸŒ",1.05252217271738E+018,CDU,3
33,DaniLudwigMdB,"Bundestagsabgeordnete der @CSU    Ausschussvorsitzende, Wahlkreis Rosenheim / Bayern, Vorsitzende @brkrosenheim",1.01982660502292E+018,CSU,3
60,MBiadaczMdB,"ğŸ› im Bundestag fÃ¼r den Landkreis BÃ¶blingen | ğŸ–¤ CDUler | ğŸ¦¾ Digitales, Arbeit & Soziales | ğŸ‡ªğŸ‡º Ã¼berzeugter EuropÃ¤er",9.35815000006052E+017,CDU,3
22,HoffmannForest,MdB | FDP-Fraktion | Stv. Vorsitzender des Ausschusses fÃ¼r wirtschaftliche Zusammenarbeit und Entwicklung | SÃ¼dbaden | FÃ¶rster | BÃ¼rgermeister a.D.,1.08529238120522E+018,FDP,4
28,nicole_ae_bauer,Mitglied des Bundestages fÃ¼r Niederbayern | FDP | Sprecherin fÃ¼r Frauenpolitik und Diversity | Mittelstand & Innovation | Ingenieurin ğŸš€,1.06187397976026E+018,FDP,4
36,mseesternpauly,Mitglied des Bundestages | Familienpolitischer Sprecher @fdpbt | OsnabrÃ¼cker Land | https://t.co/fS2hk7f7An,1.00609979388882E+018,FDP,4
38,RenataAlt_MdB,MdB | Vorsitzende des Ausschusses fÃ¼r Menschenrechte und humanitÃ¤re Hilfe | Mitglied @fdpbt-Fraktionsvorstand,1.00183720127622E+018,FDP,4
39,BrittaDassler,Bundestagsabgeordnete aus Herzogenaurach fÃ¼r die @FDP | Sportpolitische Sprecherin der @fdpbt,9.98867063272922E+017,FDP,4
20,HerbrandMarkus,"MdB | Finanzpolitischer Sprecher und Obmann im #Finanzausschuss | #FDP | #Eifel | Begeisterung fÃ¼r #Politik, (Rock-)Musik, @fckoeln & ausgiebige Wanderungen",9.97138767763751E+017,FDP,4
21,MdBKlein,Landesgruppenchef der @fdplgby Bundestagsabgeordneten #MdB | Obmann im Haushaltsausschuss fÃ¼r die @fdpbt | Stadtrat in Aschaffenburg,9.95228292023086E+017,FDP,4
22,NicoleWestig,#MdB | Pflegepolitische Sprecherin @fdpbt,9.89125229682526E+017,FDP,4
23,ulrichlechte,MdB aus Regensburg | AuÃŸenpolitischer Sprecher @fdpbt | Obmann im AuswÃ¤rtigen Ausschuss | Stellv. Landesvorsitzender @fdpbay,9.88765113606918E+017,FDP,4
25,theliberalfrank,FÃ¼r die @fdpsachsen Mitglied des Deutschen Bundestages | @fdpbt | AuswÃ¤rtiger Ausschuss | Freiheit ist alles auÃŸer selbstverstÃ¤ndlich | Stadtrat in Chemnitz,9.82028002967982E+017,FDP,4
35,DrRobbySchlund,ist ein deutscher Politiker (AfD) und seit 2017 Mitglied des Deutschen Bundestages.    is a German politician (AfD) and member of the German Bundestag since 2017.,1.0090252557536E+018,AfD,5
37,WolfgangWiehle,"Mitglied des deutschen Bundestages (AfD), Mitglied des Haushaltsausschusses und des Verkehrsausschusses",1.00365629958913E+018,AfD,5
50,JoernKoenigAfD,MdB und sportpolitischer Sprecher der @AfD Bundestagsfraktion. Weiterer Schwerpunkt: Digitale Finanzwirtschaft / Kreisvorsitzender Hannover Stadt.,9.60972630709285E+017,AfD,5
70,ChrWirthMdB,"Dr. Christian Wirth, fÃ¼r das #Saarland und die #AfD im Bundestag",9.2019396793702E+017,AfD,5
71,Martin_Sichert,"Hier twittert Martin Sichert, Gesundheitspolitischer Sprecher der AfD im Deutschen Bundestag",9.18205860862382E+017,AfD,5
72,JuergenBraunAfD,"@AfDimBundestag-Abgeordneter | Sprecher fÃ¼r #Menschenrechte, Obmann im AusschuÃŸ fÃ¼r Menschenrechte im #Bundestag; #UmweltausschuÃŸ | https://t.co/YlgpsEon92",9.17756296555893E+017,AfD,5
72,Th_Seitz_AfD,Rechtspolitischer Sprecher der @AfDimBundestag und Mitglied des Kreistages des Ortenaukreises,9.1335883873631E+017,AfD,5
75,SteffenKotre,MdB 20. Deutscher @Bundestag | Energiepolitscher Sprecher der AfD im Bundestag | Tweets: SK&Team,9.12223223231229E+017,AfD,5
76,andreasbleckmdb,"Mitglied der @AfDimBundestag, Umweltpolitiker, FuÃŸballschiedsrichter, verheiratet, konfessionslos",9.1087865253575E+017,AfD,5
79,DrMEspendiller,"MdB, Mathematiker, NRW ğŸ“ˆ Sprecher der Landesgruppe NRW der @AfDimBundestag ğŸ“‘ Politik mit Zahlen, Daten, Fakten     https://t.co/289KgIEfGE",8.8516782968532E+017,AfD,5
0,ManjaSchuele,"Ministerin fÃ¼r Wissenschaft, Forschung und Kultur denn #ZukunftwirdinBrandenburggemacht, hier privat",8.270907221621E+017,SPD,6
13,juergen_martens,ğŸ’¼ Bundestagsabgeordneter 17-21 | âš–ï¸ Rechtspolitischer Sprecher 17-21 | SÃ¤chs. Justizminister a.D.,1.18768681316882E+018,FDP,6
18,MichaelHennric2,Bundestagsabgeordneter aus dem Wahlkreis NÃ¼rtingen,1.13226052737829E+018,CDU,6
20,gitta_connemann,Bundesvorsitzende @MIT_bund,1.12575122520526E+018,CDU,6
23,MaagKarin,Unparteiisches Mitglied beim GBA ehem.Gesundheitspolitische Sprecherin der CDU/CSU Fraktion,1.09502325079055E+018,CDU,6
31,n_roettgen,Mitglied des Deutschen Bundestages | AuswÃ¤rtiger Ausschuss ğŸŒ | Optimismus ğŸš€ Europa ğŸ‡ªğŸ‡º und Espresso â˜•ï¸,1.02016079920816E+018,CDU,6
52,FrStraetmanns,"Ostwestfale seit Geburt! Zur Zeit aktiv in MV, LÃ¤ufer, FuÃŸballer und Camper .Dies ist mein privater Account!",9.59059951523107E+017,DIE LINKE,6
58,Jacobi_AfD,"Nein.  Nicht F. Jacobi,  ein anderer!",9.22181129222898E+017,AfD,6
62,MieruchMario,Dipl.-Ing.(BA) Mechatronik | industrial automation | kÃ¤mpft fÃ¼r das freie Mandat | Bundesvorsitzender BFA e.V. | DIG Berlin/BBG |  GlaubwÃ¼rdigkeit & IntegritÃ¤t,9.3293156101573E+017,Liberal-Konservative Reformer,6
80,BrunnerGanzOhr,"ğŸŒˆ FÃ¼r die Menschen und Twitter-Bots ""ganz Ohr"".",8.82929865535705E+017,SPD,6
807,Magnus_Buhlert,"Ingenieur, Naturwissenschaftler, Ehrenamtler, Beamter in Niedersachsen. Lebe mit meiner Familie schwerpunktmÃ¤ÃŸig in Bremen und zeitweise in Niedersachsen.",53386625,FDP,6
1859,wettafrosch,#ğŸ’š privat hier #Berlinerin,222081285,BÃ¼ndnis 90/Die GrÃ¼nen,6
322,MarcHenrichmann,"Leidenschaftlicher MÃ¼nsterlÃ¤nder. FÃ¼r den Wahlkreis Coesfeld-Steinfurt II im Deutschen Bundestag. CDU. Faible fÃ¼r Innenpolitik und den offenen, fairen Dialog.",22608858,CDU,3
1655,TinaWinklmann,gelernte Verfahrensmechanikerin.  Bundestagsabgeordnete. sportpolitische Sprecherin @gruenebundestag. Mitglied im Ausschuss fÃ¼r Arbeit & Soziales.,1.20988972066552E+018,BÃ¼ndnis 90/Die GrÃ¼nen,1
967,DragosGruene,Landtagsabgeordneter Niedersachsen B90/GRN | VerbraucherschÃ¼tzer & EuropÃ¤er | Stadtrat & Kreistagsabgeordneter #Brake #Wesermarsch #Hannover,622519881,BÃ¼ndnis 90/Die GrÃ¼nen,1
279,MatthiasHeider,"Rechtsanwalt, MdB, stellv. Vorsitzender im Wirtschaftsauschuss @Bundestag und der @MIT_Bund",152062825,CDU,6
328,AMattfeldt,Seit 2009 direkt gewÃ¤hlter Bundestagsabgeordneter fÃ¼r den Osterholz - Verden im Bundesland Niedersachsen. Inhaber der Kgl. PreuÃŸischen Biermanufactur,23227001,CDU,6
269,Andi_Wagner,TÃ¤tig als Heilerziehungspfleger | Werkzeugmacher | 2017-2021 Mitglied des Deutschen Bundestag | parteilos | Geschichte & Politik | #GemeinsamZukunftgestalten â˜€ï¸,235703205,DIE LINKE,6
921,marcusbocklet,"MdL, Hessen, sozial- und gesundheitspolitischer Sprecher der GrÃ¼nen Landtagsfraktion",218965191,BÃ¼ndnis 90/Die GrÃ¼nen,1
971,DetlevSchulzHen,Fraktionsvorsitzender der GrÃ¼nen Landtagsfraktion in #Niedersachsen aus #Amelinghausen. Medienpolitischer Sprecher und Bahnjunkie #ltnds,537923299,BÃ¼ndnis 90/Die GrÃ¼nen,1
262,pascalmeiser,"Alternder FuÃŸballer & Mitglied des Deutschen Bundestags, WK #Friedrichshain #Kreuzberg #PrenzlauerBergOst & Vorsitzender DIE LINKE Friedrichshain-Kreuzberg",312532722,DIE LINKE,0
1611,UliGroetsch,"Mitglied des Bundestages, Kreisrat, etc selten privat aber immer im Einsatz fÃ¼r Freiheit und Demokratie",8.67351565757239E+017,SPD,6
1593,SaskiaLudwigCDU,"Mitglied des Landtages Brandenburg - WK 19, liebt Familie, Freiheit und Fairness. LEGO-Coach",272261226,CDU,6
,,"MdL Landtag MV, Mitglied der Stadtvertretung Neubrandenburg



it's not easy to be green, hier privat unterwegs



retweet bedeutet nicht automatisch Zustimmung",,,1
239,LieblingXhain,RechtsanwÃ¤ltin | Lawyer ğŸ’š Mitglied des Bundestages | Member of Deutscher #Bundestag ğŸŒ» #wk83 #Friedrichshain #Kreuzberg #PBergOst #Berlin,587862375,BÃ¼ndnis 90/Die GrÃ¼nen,
389,AnetteKramme,"Parlamentarische StaatssekretÃ¤rin bei der Bundesministerin fÃ¼r Arbeit und Soziales, MdB",1261705757,SPD,6
235,JanaSchimke,"Bundestagsabgeordnete, Vorsitzende des Tourismusausschuss im Deutschen Bundestag, stv. Vorsitzende der Mittelstandsunion (MIT)",728990858,CDU,3
1802,guterolaf,UmweltstaatssekretÃ¤r a.D. im GrÃ¼nen Herzen Deutschlands - hier privat,9.02725350052893E+017,BÃ¼ndnis 90/Die GrÃ¼nen,1
1527,dirk_liebe,#Privat | #Berliner in der dritten Generation | #UNVEU | @bsb_berlin,1.13320273832277E+018,SPD,6
883,holger_bellino,Parlamentarischer GeschÃ¤ftsfÃ¼hrer der CDU-Fraktion im Hessischen Landtag,1.02393289097396E+018,CDU,3
,,"Direkt gewÃ¤hltes Mitglied des Abgeordnetenhauses von Berlin  



-  vor Ort. in Kaulsdorf-Nord und Hellersdorf-SÃ¼d",,,6
221,peter_jahr,Als CDU-Abgeordneter. FÃ¼r Sachsen. In Europa. Hier twittern mein BrÃ¼sseler Team & ich.,3119157183,CDU,3
1013,Fabian_Schrumpf,NRW Landtagsabgeordneter fÃ¼r den Essener SÃ¼den | Sprecher fÃ¼r Bauen ğŸ— und Wohnen ğŸ¡ der CDU Landtagsfraktion | Vater von vier TÃ¶chtern ğŸ‘¨â€ğŸ‘©â€ğŸ‘§â€ğŸ‘§ğŸ‘¶ğŸ¼ğŸ‘¶ğŸ¼,7.36638316976722E+017,CDU,3
1257,OpheliaNick,Bundestagsabgeordnete (MdB) und parl. StaatssekretÃ¤rin im BMEL â€“ Bâ€™90/Die GrÃ¼nen | FÃ¼r eine zukunftsfÃ¤hige Land- und ErnÃ¤hrungswirtschaft ğŸŒ»ğŸ¥•ğŸšœ,2527051226,BÃ¼ndnis 90/Die GrÃ¼nen,1
1253,SaschaMuller,"MdB fÃ¼r BÃœNDNIS 90/DIE GRÃœNEN, WK NÃ¼rnberg-SÃ¼d/Schwabach. Obmann im Finanzausschuss des Deutschen Bundestages. Co-Sprecher der bayerischen Landesgruppe.",52793798,BÃ¼ndnis 90/Die GrÃ¼nen,1
2000,BMVg_Bundeswehr,Bundesministerium der Verteidigung. Presseanfragen nur via https://t.co/ZzaxS9pMUq | German MoD official | Also follow: @bundeswehrinfo,1.12170096112531E+018,NA,6
1217,Macit_SPD,ğŸ› Bundestagsabgeordneter ğŸ”´ Sozialdemokrat ğŸ“Œ Wahlkreis Ludwigsburg ğŸ‘¨â€âš–ï¸ Rechtsausschuss ğŸ‡©ğŸ‡ªğŸ‡¹ğŸ‡· Sprecher in der Dt./TÃ¼rk. PG,572582030,SPD,2
,,"Bayerisches Staatsministerium fÃ¼r Gesundheit und Pflege â€“ Offizieller Twitter Account.



Informationen zu Gesundheit und Pflege in Bayern und zur Corona-Pandemie.",,,6
828,BarisOenes,"Abgeordneter | Volljuristâš– | Arbeiterkind | Sozialdemokrat | In Hamburg-Billstedt aufgewachsen | FÃ¼r eineğŸ’¯% tolerante, gerechte & soziale Gesellschaft",2285038029,SPD,2
565,Johannes_Becher,"Mitglied des Bayerischen Landtags, B90/GrÃ¼ne. Themen: Kommunales, frÃ¼hkindliche Bildung, Flugverkehr. Vize der Kinderkommission. Stadtrat, Kreisrat.",8.07126581128516E+017,BÃ¼ndnis 90/Die GrÃ¼nen,1
,,"MdL, VizeprÃ¤sident,



Sprecher fÃ¼r lebenslanges Lernen,  B90/Die GrÃ¼nen im Bayerischen Landtag",,,1
577,RichardGraupner,"AfD-Fraktion Landtag Bayern, innenpolitischer Sprecher",3822651715,AfD,5
518,HPStauch,Ehemaliger AfD-Abgeordneter fÃ¼r den Wahlkreis Hechingen-MÃ¼nsingen (WK 61) im Landtag von Baden-WÃ¼rttemberg (* vom MdL gepostet),8.26039153301266E+017,AfD,5
820,filizdemi,"Mitglied der Hamburgischen BÃ¼rgerschaft / Sprecherin fÃ¼r Arbeitsmarkt, Migration und Antidiskriminierungspolitik der GrÃ¼nen Fraktion",2976072813,BÃ¼ndnis 90/Die GrÃ¼nen,1
1285,HeikeWernerTH,"ThÃ¼ringer Ministerin fÃ¼r Arbeit, Soziales, Gesundheit, Frauen und Familie; Mitglied Landesvorstand LINKE ThÃ¼ringen",3197621226,DIE LINKE,0
1203,Connylue,"Fraktionsvorsitzende GrÃ¼ne Sachsen-Anhalt ğŸŒ» | Klimaschutz, MobilitÃ¤tswende und Demokratiesicherung",56629516,BÃ¼ndnis 90/Die GrÃ¼nen,1
658,regina_kittler,"â€Ã„ndere die Welt, sie braucht es!â€œ(Brecht) Vorsitzende dbv Berlin; Kultur & Bildung; Linksfraktion #MaHe, private Meinung",7.15122623390915E+017,DIE LINKE,0
,,"Minister des Innern in NRW. Aus dem Bergischen Land, von 2004 - 2017 im EuropÃ¤ischen Parlament.",,,6
,,"Ã–konom, BÃ¼rgermeister a.D., Beauftragter Arbeitnehmerkammer Bremen; Board of Directors Forum of Federations; Beratung 42.0; mag Rennrad, #Werder u Monferrato",,,6
1099,hendrikhering,"PrÃ¤sident des Landtags Rheinland-Pfalz, Kreistagsmitglied im Westerwaldkreis, Staatsminister a.D.",220228906,SPD,6
1737,patrickrappmdl,"Mitglied des Landtags von Baden-WÃ¼rttemberg - StaatssekretÃ¤r im Ministerium fÃ¼r Wirtschaft, Arbeit und Tourismus - Wahlkreis Breisgau",1.05202132527708E+018,CDU,6
,,MdB direkt gewÃ¤hlt fÃ¼r Heidelberg Neckar/BergstraÃŸe | Parlamentarische StaatssekretÃ¤rin @BMWK | privater Kanal | Toots: https://t.co/Z4amQcAj9e,,,6
1210,SerapGueler,MdB & Mitglied des Verteidigungsausschusses. Stellv. Mitglied im Innenausschuss/ Bundesvorstandsmitglied CDU/ stellv. Vorsitzende der CDU KÃ¶ln,2625960522,CDU,3
850,YusufUzundag,Abgeordneter der Hamburgischen BÃ¼rgerschaft. Sprecher fÃ¼r freiwilliges Engagement GRÃœNE Fraktion.,2232282311,BÃ¼ndnis 90/Die GrÃ¼nen,1
853,DenizCelikhh,"MdHB der Fraktion DIE LINKE, Fachsprecher fÃ¼r Gesundheit und  Innenpolitik",522321802,DIE LINKE,0
1825,csu_lt,Hier twittert die Pressestelle der CSU-Fraktion im Bayerischen Landtag.,286626781,CSU,3
223,Timon_Gremmels,"Mitglied des Bundestags fÃ¼r Kassel. Schwerpunkt: Erneuerbare Energien. Vors. SPD-Hessen-Nord, stellv. Landesvors. HessenSPD, Sprecher Landesgruppe Hessen ğŸ³ï¸â€ğŸŒˆ",292809822,SPD,2
2021,Vogel_Axel,"Minister fÃ¼r Landwirtschaft, Umwelt und #Klimaschutz #Eberswalde hier privat",2839261502,BÃ¼ndnis 90/Die GrÃ¼nen,6
1855,FischerSeverin,StaatssekretÃ¤r fÃ¼r Energie und Betriebe bei der @SenWiEnBe - hier privat unterwegs,2732230173,SPD,6
,,"Polizist und etwas Politiker.



ThÃ¼ringer Landtag - Innenpolitischer Sprecher und im Stadtrat Erfurt",,,6
1881,AfD_MV,Wir sind der Landesverband Mecklenburg-Vorpommern der Alternative fÃ¼r Deutschland,1567658617,AfD,5
1917,SHolthoff,Minister fÃ¼r Bundes- und Europaangelegenheiten sowie Internationales des Landes NRW,1019630232,CDU,6
1918,ch_dammermann,Liberaler Westfale. StaatssekretÃ¤r a.D.,298203036,FDP,4
723,kaddinsky,"Mitglied des Berliner Abgeordnetenhauses, GrÃ¼ne ÃœberzeugungstÃ¤terin, Sprecherin fÃ¼r Wohnen & Mieten plus Haushaltspolitik, direkt gewÃ¤hlt im WK1 Kreuzberg",22753272,BÃ¼ndnis 90/Die GrÃ¼nen,1
1615,groehe,Bundestagsabgeordneter aus dem Rhein-Kreis Neuss. Member of the German Parliament. Stellv. Vorsitzender der CDU/CSU-Bundestagsfraktion und der KAS.,92363832,CDU,3
1021,Alexbrockmeier,Mitglied des Landtags Nordrhein-Westfalen | JÃ¼ngster Abgeordneter | 27 | Freie Demokraten | Jura-Student | Insta: _brockmeier,121585108,FDP,4
1919,DirkGuennewig,hier twittert der StaatssekretÃ¤r im Ministerium der Finanzen  Nordrhein-Westfalen #DÃ¼sseldorf. CV: https://t.co/GKaaxYKJnd Foto: B. Engel-Albustin,212551591,CDU,6
771,YAverwerser,"Politikerin, Bildungspolitische Sprecherin, unabhÃ¤ngig, nicht nachtragend",1.13597222377272E+018,CDU,6
1829,Crickerts,StaatssekretÃ¤r @SenWiEnBe a.D.| Wikimedian (@WikimediaDe) a.D.,52333983,no party affiliation,6
120,MuellerChemnitz,"LokomotivfÃ¼hrer. MdB, Stellvertretender Vorsitzender der SPD-Bundestagsfraktion. Verkehr & Digitales. Stadtrat in Chemnitz. Twittere selbst.",7.82760007275516E+017,SPD,2
1759,Der_FrederiCo,- MdL in NRW - Vorsitzender (NRW Jusos) a.D. / FÃ¼r die Jusos im Vorstand der NRWSPD,1128863881,SPD,2
2020,joergstb,"Minister fÃ¼r Wirtschaft, Arbeit und Energie des Landes Brandenburg/Team twittert seit dem 30.11.2018 mit",131802180,SPD,6
,,"Mitglied des Bayerischen Landtags, B90/Die GrÃ¼nen, Vorsitzende im Ausschuss fÃ¼r Umwelt und Verbraucherschutz. 



GemeinderÃ¤tin",,,1
,,Landtagsabgeordnete des Wahlkreises 47 (GroÃŸ-Gerau) in Hessen.,,,6
1652,TakisMehmetAli,"Deutsch-Grieche, Bundestagsabgeordneter (SPD) im WK LÃ¶rrach-MÃ¼llheim. FÃ¼r dich im Ausschuss fÃ¼r Arbeit und Soziales. Teilhabepolitischer Sprecher ğŸ³ï¸â€ğŸŒˆ",1.21353661206825E+018,SPD,2
1757,SebEhlers,"PGF der CDU-Landtagsfraktion in M-V, StadtprÃ¤sident der schÃ¶nsten Landeshauptstadt der Welt, Familienmensch, HSV-Fan und vieles mehr.ğŸ˜€",1.37205773685032E+018,CDU,3
596,Andreas_Schalk,Bezirksvorsitzender @JUMittelfranken.,707685125,CSU,3
2033,ARieckhof,"Staatsrat fÃ¼r Wirtschaft in Hamburg, aber hier ausschlieÃŸlich privat unterwegs",1.38268252239922E+018,SPD,6
1771,GrimmBenne,"Ministerin fÃ¼r Arbeit, Soziales, Gesundheit und Gleichstellung des Landes Sachsen-Anhalt, twittert hier privat",2822730286,SPD,6
1121,Juergen_Renner,"AufklÃ¤rung, es geht immer um AufklÃ¤rung.ğŸ³ï¸â€ğŸŒˆ ğŸ‡ªğŸ‡º SaarlÃ¤nder. Sozi.",1187330798,SPD,2
620,GuttenbergerMdL,"Petra Guttenberger MdL, Ihre Landtagsabgeordnete der CSU, Stellv. Vors. Ausschuss Verfassung Recht Mitglied d. Ã„ltestenrat, stellv. Vors. Frauenunion,",66718092,CSU,3
,,"@schluesselburg@berlin.social MdA @dielinkeberlin, (Berlin House of Representatives), Justizpolitiker, Finanzpolitiker, Direktmandat in #Lichtenberg 4, Team=/TS",,,0
1232,KnieseTosca,"#Unternehmerin #Politikerin (Mitglied des 7. ThÃ¼ringer Landtags, BfTh) #liberal & #bÃ¼rgerlich #WestfÃ¤lin & #ThÃ¼ringerin #privater Twitter-Account",9.21355767688593E+017,AfD,4
239,gabischoff,"MdEP @Europarl_DE, VizeprÃ¤sidentin der S&D-Fraktion @TheProgressivesğŸŒ¹ @spdberlin VizeprÃ¤sidentin @EuropaUnionDE ğŸ‡ªğŸ‡ºğŸš² EuropÃ¤erin, Feministin, Gewerkschafterin",3521939262,SPD,2
1228,JanineMerz,"Sozialdemokratin, Kommunalpolitikerin und Mitglied des ThÃ¼ringer Landtages. Zuhause in der #Prachtregion.",1.3337535092133E+018,SPD,2
2028,SchuetzKatrin,"AufsichtsrÃ¤tin, StaatssekretÃ¤rin a.D,  2006-2016 MdL, @Frauenimfokus Initiatorin",1.0525133610306E+018,CDU,6
1985,fdpfraktionlsa,"Landtagsfraktion der Freien Demokraten in Sachsen-Anhalt - Den Mensch in den Mittelpunkt stellen, das Land voranbringen",1.21022126237223E+018,FDP,4
1162,MartinDulig,"Ostbeauftragter der Bundes-SPD, stellv. MinisterprÃ¤sident des Freistaates Sachsen, Minister fÃ¼r Wirtschaft, Arbeit und Verkehr",50295629,SPD,2
1116,Alex_Schweitzer,Sozialdemokrat. PfÃ¤lzer. Minister fÃ¼r #Arbeit #Soziales #Transformation und #Digitalisierung. FÃ¼r die #SÃ¼dpfalz im Landtag #RLP. 1.FC Kaiserslautern und ğŸŒ±,17939937,SPD,2
1972,SH_CDU,â¤ï¸ Wir sind die Schleswig-Holstein-Partei. ğŸ’ªğŸ¼ #kurSHslten fÃ¼r unser Land.,620307102,CDU,6
203,BB_PRONRW,Neuigkeiten und Kurznachrichten von PRO NRW,1627610538,BÃ¼rgerbewegung pro NRW,6
251,MarkusFerber,Europaabgeordneter;  Sprecher der EVP-Fraktion im Ausschuss fÃ¼r Wirtschaft und WÃ¤hrung;  Vorsitzender der Hanns-Seidel-Stiftung,1929513512,CSU,3
1111,MartinHaller,"Landtagsabgeordneter in RLP, Parlamentarischer GeschÃ¤ftsfÃ¼hrer der SPD-Landtagsfraktion, Christ, dem 1.FC Kaiserslautern verfallen, Trompeter, 100% PfÃ¤lzer!",25296879,SPD,2
1057,svenwolf,Landtagsabgeordneter seit 2010. #Remscheid und #Radevormwald. #LtNRW #NRW #NRWSPD #Spd-Fraktion-nrw,79136768,SPD,2
1028,GordanDudas,Mitglied des Landtags NRW - NRWSPD-Fraktion,108067720,SPD,2
952,MareikeWulf,Mitglied des Deutschen Bundestages * Abgeordnete fÃ¼r Hameln-Pyrmont â€“ Holzminden * Christdemokratin * FU Landesvorsitzende Niedersachen,1.03779110651821E+018,CDU,3
291,b_riexinger,Mitglied des Bundestages fÃ¼r den Wahlkreis Stuttgart. 2012 bis 2021 Parteivorsitzender DIE LINKE. Gewerkschafter. FÃ¼r einen LINKEN Green New Deal.,829012308,DIE LINKE,0
1519,der_neukoellner,"ğŸš© MdA | Mitglied des Abgeordnetenhauses von Berlin ğŸ”¥ Sprecher Klima-, Flucht- & Antifaschistische Politik",7.79003265938985E+017,DIE LINKE,0
910,Heinz_Lotz,"Familienmensch, Schornsteinfeger, Sozialdemokrat, Landtagsabgeordneter.",825386093,SPD,2
909,ChristophDegen,FÃ¶rderschullehrer I MdL & Sprecher f. Bildung I GeneralsekretÃ¤r @hessenspd I Kreistag MKK I Musikliebhaber I LÃ¤ufer I KuchenbÃ¤cker,1196090882,SPD,2
1903,fw_rlp,Landesvereinigung FREIE WÃ„HLER Rheinland-Pfalz,792169223,Freie WÃ¤hler,6
1523,DValgolio,"Arbeitnehmer-Anwalt / MdA @dielinkeberlin, direkt gewÃ¤hlt in #Friedrichshain-West, Sprecher fÃ¼r Arbeit und Wirtschaft",1.37121859321376E+018,DIE LINKE,0
522,Martin_Hahn_MdL,Landtagsabgeordneter (BÃ¼ndnis 90/ Die GrÃ¼nen) fÃ¼r den Bodenseekreis,3257970789,BÃ¼ndnis 90/Die GrÃ¼nen,1
879,KBolldorf,"MdL, Vorsitzender des Europaausschusses im HLT, Vorsitzender der AfD-Fraktion Marburg-Biedenkopf, BÃ¼rgermeister a.D.",1.18088716065802E+018,AfD,5
1565,c_lindner,Bundesminister der Finanzen. Bundesvorsitzender der Freien Demokraten. Es twittern er selbst (CL) und sein Team (TL).,122102353,FDP,4
1575,MatthiasHoehn,"ğŸš©ğŸ‡ªğŸ‡ºğŸ³ï¸â€ğŸŒˆ | FrÃ¼her viele Jahre Politik (fÃ¼r @dielinke u.a. als BGF, im Bundestag & im Landtag) - heute Tagungsmanagement, Immobilien & Hotellerie und so",15686106,DIE LINKE,0
838,s_boeddinghaus,LinksFraktion Hamburgische BÃ¼rgerschaft: Ko-Vorsitzende/Fachsprecherin fÃ¼r Schule-Bildung-Jugend-Familie,3382066053,DIE LINKE,0
1590,katarinabarley,"Feministin, Sozialdemokratin, Europa, Bundesministerin a.D., MdEP, VizeprÃ¤sidentin @europarl_de, Impressum: https://t.co/SB9oxMC1FL",2097559123,SPD,2
787,miriamstrunge,"LINKEN Abgeordnete in der Bremischen BÃ¼rgerschaft. Aktiv in der Bildungs-, Kultur- &Hochschulpolitik.",3082251337,DIE LINKE,0
761,BuettnerAndreas,"Mitglied des Landtags Brandenburg #linke_ltbb Sprecher fÃ¼r Soziales, Verbraucherschutz, Verkehr und Religion #Zionist ğŸ‡®ğŸ‡± ×¢× ×™×©×¨××œ ×—×™ FCKBDS",867832583,DIE LINKE,0
735,DieDannenberg,Mensch. Abgeordnete @linke_ltbb.,1.08592220027905E+018,DIE LINKE,0
,,"SPD-Bundestagsabgeordnete fÃ¼r den Wahlkreis 54 - Bremen I,



Staatsministerin beim Bundeskanzler, hier privat unterwegs",,,2
591,BertholdRueth,"Mitglied des Bay. Landtags, Vorsitzender des Landessportbeirates, sportpolitischer Sprecher und Beisitzer im Vorstand der CSU-Landtagsfraktion",1076223112,CSU,3
370,Otto_Fricke,"Freiheitsfreund, MdB, HaushÃ¤lter, Rechtsanwalt, Mitglied Bundesvorstand FDP sowie immer wieder etwas Ã¼ber die Niederlande",18022683,FDP,4
,,"Damit die Zukunft eine Chance hat: Partei ergreifen fÃ¼r Mensch, Umwelt und Tiere!



#MitgefÃ¼hlWÃ¤hlen und den Stimmlosen eine Stimme geben!",,,6
1621,deukonservative,Offizieller Twitter Kanal der Partei Deutsche Konservative (Bundesverband),216276382,Dt. Konservative,3
656,die_gennburg,"Interessiert an dem, was sich zwischen dem Erbauen und dem AbreiÃŸen von HÃ¤usern und StÃ¤dten ereignet. Abgeordnete, 18. & 19.Wahlperiode in #berlin fÃ¼r #dielinke",7.16987626938059E+017,DIE LINKE,0
,,"Mitglied des Abgeordnetenhauses von Berlin (CDU)



fÃ¼r den Bezirk Friedrichshain-Kreuzberg",,,3
1797,SvenjaSchulze68,"MÃ¼nsteranerin, Sozialdemokratin, MdB und Bundesministerin fÃ¼r wirtschaftliche Zusammenarbeit und Entwicklung. Das ist mein persÃ¶nliches Twitter-Profil.",7.57979230222368E+017,SPD,2
1280,cjcronenberg,SauerlÃ¤nder. Bundestagsabgeordneter. Freier Demokrat. Familienvater.,1.32512697363126E+018,FDP,4
611,MatthiasND,"MdL, Politikwissenschaftler, Kreisrat, Stadtrat, Aktiv in JU und CSU, StadtfÃ¼hrer in Neuburg",216683999,CSU,3
,,"Aktuelles aus dem Ministerium fÃ¼r #Arbeit, #Soziales, #Gesundheit und #Gleichstellung #SachsenAnhalt / https://t.co/4IqQZCQicH @SachsenAnhalt",,,6
253,BirgitSippelMEP,"ğŸ‡ªğŸ‡º Mitglied des @europarl_EN ğŸ—£ï¸ Sprecherin der @theprogressives im Ausschuss fÃ¼r bÃ¼rgerliche Freiheiten, Justiz & Inneres ğŸ“Soest, NRW",1580316802,SPD,2
212,bela_bach,Sozialdemokratin - ehemalige Bundestagsabgeordnete â€“ Bergsteigerin - Feministin â€“ Juristin,1150879752,SPD,2
576,IlseAigner,"MdL, PrÃ¤sidentin des Bayerischen Landtags und CSU-Bezirksvorsitzende Oberbayern",2060082215,CSU,4
1066,brockes,"Mitglied des Landtags Nordrhein-Westfalen | Liberale Politik fÃ¼r den Niederrhein | Sprecher fÃ¼r Wirtschaft, Energie, Klima, Umwelt und Landwirtschaft",30038263,FDP,4
1827,SawsanChebli,"Sozialdemokratin, Feministin, Mutter. Will die Welt gerechter machen. Positive Energie und gute Ideen sind willkommen, Hass& Drohungen werden angezeigt",8.06177097265902E+017,SPD,2
698,MichaelEfler,"KlimaschÃ¼tzer, Direktdemokrat, Antifaschist. Arbeitet bei @bbk_2010, Born at 325,06 ppm. Metal-Fan. Birder. #StandwithUkraine",377293152,DIE LINKE,0
1911,UmweltRLP,"Ministerium fÃ¼r Klimaschutz, Umwelt, Energie und MobilitÃ¤t / Umwelt-Informationen aus RLP / https://t.co/xDjNMfsqcN / https://t.co/MwK7GtfIux",7.53162008862126E+017,NA,6
256,delarabur,"SPD-Europaabgeordnete, umwelt-&klimapolitische Sprecherin @spdeuropa, #GreenDeal wie ne ğŸ‰: grÃ¼ne + Ã¶ko Schale, roter + gerechter Kern! ğŸ™ƒ",1133570230,SPD,2
792,NelsonJanssen,"Fraktionsvorsitzender der Linken in der Bremischen BÃ¼rgerschaft, Bremerhaven, Gesundheitspolitik, Innenpolitik",1851593689,DIE LINKE,0
126,DerLenzMdB,"Mitglied des Deutschen Bundestags, CSU, Wahlkreis 213 Erding-Ebersberg, Energie; Wirtschaft; Nachhaltigkeit und alles andere..",3635730797,CSU,3
,,"Stellvertretende Fraktionsvorsitzende der @BayernSPD_Lndtg | Agrar- und frauenpolitische Sprecherin



GeneralsekretÃ¤rin der @BayernSPD",,,2
302,MartinaRenner,| Mitglied des Bundestages @dielinke | Innenpolitische Sprecherin | Autorin                     | prima di tutto antifascista,68920005,DIE LINKE,0
1103,SvenLefkowitz,"Einrichtungsleiter, Ex-MdL, Fraktionsvorsitzender im Stadtrat und stellv. Vorsitzender im Kreistag #spd #neuwied #rheinlandpfalz OVV #vdk Hier privat unterwegs",181579731,SPD,2
1895,fdprlp,Liberale Tweets fÃ¼r Rheinland-Pfalz. Impressum: https://t.co/WrkfkuDUxIâ€¦. DatenschutzerklÃ¤rung: https://t.co/25RR1nMXFBâ€¦.,199281559,FDP,4
1010,PatriciaPeill,Ich bin NRW-Landtagsabgeordnete aus und fÃ¼r den Wahlkreis 11/DÃ¼ren I (Nordkreis DÃ¼ren JÃ¼lich) Impressum: https://t.co/yfMBDrB5YH,7.65520998287368E+017,CDU,6
1902,FREIEWAEHLERRLP,ZUKUNFT fÃ¼r Rheinland-Pfalz ist wÃ¤hlbar: FREIE WÃ„HLER treten an zur Landtagswahl 2011,220933825,Freie WÃ¤hler,6
,,"Wir streiten fÃ¼r mutige, faire, nachhaltige und fortschrittliche Politik. Deutschlands sozialliberale Partei. ğŸ—½âš–ï¸ğŸŒ¿ğŸš€Impressum: https://t.co/q7zMc8FMmj",,,4
956,ImkeByl,FÃ¼r den Erhalt unserer Lebensgrundlagen und eine geschlechtergerechte Welt ğŸŒ± #Klimaschutz #Feminismus,7.21387731529569E+017,BÃ¼ndnis 90/Die GrÃ¼nen,1
,,"SaarbrÃ¼ckerin, Gewerkschafterin, Sozialdemokratin,



Bundestagsabgeordnete, Parlamentarische GeschÃ¤ftsfÃ¼hrerin,



German MP",,,2
1669,HenningRehbaum,MÃ¼nsterlÃ¤nder ğŸ™‹â€â™‚ï¸ | MdB | #CDUCSU-FraktionBundestag | #KreisWAF | #mobilitaet #klimaschutz| #wirtschaft |#OEPNV | Tubist | #NoAfD,1.33856761178162E+018,CDU,3
325,franksteffel,PrÃ¤sident der @fuechseberlin @fuechseberlinev,26869088,CDU,6
197,michel_brandt_,#DIELINKE #Karlsruhe (MdB 2017-21)   Konsequent fÃ¼r eine soziale und solidarische Gesellschaft. #Menschenrechte #Seenotrettung #Antifa,1523229536,DIE LINKE,0
877,hschmidt,"MdHB fÃ¼r den Wahlkreis Hamburg-Mitte #hhbue | Sprecher fÃ¼r Wirtschaft, Medien- & Netzpolitik | #NurderHSV | Sozialdemokrat |Â Unternehmer",2629261,SPD,2
172,fritzfelgentreu,"Mitglied des 18. und des 19. Deutschen Bundestages. @Reichsbanner Schwarz-Rot-Gold, @Volksbund deutsche KriegsgrÃ¤berfÃ¼rsorge, @spdneukoelln. Discite Donatum!",2805272855,SPD,2
2022,TobiasDuenow,"Begeistert fÃ¼r Wissenschaft, Forschung und Kultur (vor allem in Brandenburg). Privat und Sozialdemokrat.",7.26076818839708E+017,SPD,2
632,HaraldWolf20,"Mitglied des Parteivorstandes DIE LINKE, Bundesschatzmeister",1.05219251633197E+018,DIE LINKE,0
222,sabineverheyen,Mitglied des EuropÃ¤ischen Parlament Vorsitzende Im Ausschuss fÃ¼r Kultur und Bildung Christlich Demokratische Union Deutschlands / CDU,2606222267,CDU,3
1339,pfernis,Liberaler im Kopf und im Herzen. Fraktionsvorsitzender der Freien Demokraten im Landtag Rheinland-Pfalz. Twittere hier meine persÃ¶nliche Meinung.,273936503,FDP,4
551,FloSiekmann,JÃ¼ngster MdL Bayern & Fraktionsvize ğŸŒ» | stv. Vorsitzender Untersuchungsausschuss Maske | member @Greens_CoR | kÃ¤mpft fÃ¼r ğŸ‡ªğŸ‡º ğŸ³ï¸â€ğŸŒˆ | Chemiker,9.95699028127586E+017,BÃ¼ndnis 90/Die GrÃ¼nen,1
260,HeikeHaensel,"Member of German Parliament 2005-2021, Peace Activist, Achtung: blockiere Beleidigungen&Unterstellungen",332262732,DIE LINKE,6
2001,IntegrationBund,"Daten, #Fakten, Informationen: Tweets vom Team Staatsministerin der Bundesregierung fÃ¼r #Migration, #FlÃ¼chtlinge #Integration und #Antirassismus @ReemAlabali",1.11882776352723E+018,NA,6
1828,Mac_Frank,Alter Verwalter und smarter Stadtgestalter. Mein Ding: Menschen - Prozesse - Strukturen. #Sozi #UTB #GemischteStadt,20768582,SPD,2
1730,junomaerz,antifacist & intersectional feminist // cities for all ğŸŒ¿ // re-elected MPP in Berlin // previously @germanyincanada // tweets deutsch + english // 030 âœŠ,2286683223,BÃ¼ndnis 90/Die GrÃ¼nen,1
,,"MdEP @Left_EU aus Brandenburg. 



Sprecher fÃ¼r Handel, EU-VertrÃ¤ge & EP-Reform. 



Mitglied in den EP-Delegationen USA, #China, #EuroNest, Belarus & Moldau.",,,0
502,petertauber,"Historiker, Autor, Reserveoffizier, Parlamentarischer StaatssekretÃ¤r a.D., Waidmann, Christdemokrat, das Bild ist von @toko. ğŸŒ²ğŸŒ²ğŸŒ²ğŸŒ²",22260122,CDU,3
,,"MdL, Stv. Fraktionsvorsitzende, Sprecherin fÃ¼r Agrarpolitik der bayerischen LandtagsgrÃ¼nen - und BiobÃ¤uerin, https://t.co/V4opRG8Cmv",,,1
1221,Thomasrother,"MdL fÃ¼r LÃ¼beck - Sozi, Donaldist, Katzenfreund, Hundeskeptiker",61276951,SPD,2
,,"Die Lage: Das Deutsche Volk fÃ¼hrt einen Krieg gegen sich selbst. Wenn es siegt, ist es verloren.  



stv. Kreisvorsitzender AfD MÃ¼nchen Ost",,,5
682,Harald_Moritz,Verkehrspolitisch Interessierter  aus Berlin.  #allesaufgrÃ¼n #Verkehrswende #FuÃŸverkehr #A100 #BER #Radverkehr #TreKÃ¶,1527522012,BÃ¼ndnis 90/Die GrÃ¼nen,1
1282,spellerberg_m,Mitglied des Bundestages - Sicherheit â€¢ Feminismus â€¢ AbrÃ¼stung - WK Dresden II Bautzen II,9.05109355586101E+017,BÃ¼ndnis 90/Die GrÃ¼nen,1
1898,AfD_RLP,Der Landesverband der Alternative fÃ¼r Deutschland in Rheinland-Pfalz,2292221262,AfD,5
1271,ulle_schauws,Feministin ğŸšº ğŸ³ï¸â€ğŸŒˆ GrÃ¼ne Bundestagsabgeordnete #Frauen #Queer #Lesben #Equalrights #Menschenrechte #Kultur #FeminismUnited - Film- u. Fernsehwissenschaftlerin,17363923,BÃ¼ndnis 90/Die GrÃ¼nen,1
292,stephankuehn,"BÃ¼rgermeister in der @stadt_dresden, GeschÃ¤ftsbereich Stadtentwicklung, Bau, Verkehr und Liegenschaften, grÃ¼ner Bundestagsabgeordneter bis 10/2020",102100926,BÃ¼ndnis 90/Die GrÃ¼nen,1
,,"Politiker/in



ğŸ”´ Landtagsabgeordnete @spdfraktionbrandenburg



ğŸ“Œ Im Wahlkreis #Premnitz #Milowerland #Rathenow #Rhinow #Wusterhausen #Neustadt (Dosse)",,,2
1623,SchickGerhard,"Aktivist, Vorstand von @Finanzwende , GeschÃ¤ftsfÃ¼hrer von @fw_recherche, ğŸŒˆ , Ex-Politiker",2110372301,BÃ¼ndnis 90/Die GrÃ¼nen,6
132,StefingerMdB,MÃ¼nchner. Bayer. Bundestagsabgeordneter. Obmann der CDU/CSU-Fraktion im Ausschuss fÃ¼r wirtschaftliche Zusammenarbeit und Entwicklung,2866955729,CSU,3
222,danielakolbe,"Stv. Vorsitzende des #DGB-Sachsen, stv. Vorsitzende der Friedrich-Ebert-Stiftung #FES, ehemalige SPD-MdB, #Leipzig, privat hier",516783036,SPD,2
1158,ClaudiaMaicher,"MdL @SaxGruen | Direktmandat im #Leipzig|er Westen | Vorsitzende im Ausschuss fÃ¼r #Wissenschaft, #Hochschule, #Medien, #Kultur & Tourismus im Landtag Sachsen",236571835,BÃ¼ndnis 90/Die GrÃ¼nen,1
,,"Partei fÃ¼r Arbeit, Rechtsstaat, Tierschutz, ElitenfÃ¶rderung und basisdemokratische Initiative 



https://t.co/LS4pNsxjLn",,,6
2015,Daniela_Behrens,"NiedersÃ¤chsische Ministerin fÃ¼r Inneres und Sport, Politikwissenschaftlerin, Sozi, Feministin, hier privat, twittert selbst",29225666,SPD,2
202,ChristlichMitte,WÃ¤hlerin der Christliche Mitte - FÃ¼r ein Deutschland nach GOTTES Geboten http://t.co/6Xs5ID8yl3,1663657052,Christliche Mitte,3
882,ArnoEnnersAfD,Seit dem 18.01.2019 Mitglied des hessischen Landtages fÃ¼r die AFD,1.0182823079282E+018,AfD,5
929,Dahlemann,"Chef der Staatskanzlei M-V, MdL, Kommunalpolitiker und Sozi",110393601,SPD,2
1617,buendnis21,BÃ¼ndnis21 e.V.,1.38392152931298E+018,buendnis21,6
380,svenlehmann,ğŸ› Mitglied des Bundestages ğŸŒ»ğŸ—³ KÃ¶ln-SÃ¼dwest        ğŸ³ï¸â€ğŸŒˆ Queer-Beauftragter der Bundesregierung ğŸ‘©â€ğŸ‘©â€ğŸ‘§â€ğŸ‘¦ Parl. StaatssekretÃ¤r @bmfsfj Privat-Profil. er/he,16706236,BÃ¼ndnis 90/Die GrÃ¼nen,1
225,MargareteBause,"ehemalige Bundestagsabgeordnete, GrÃ¼ne, Menschenrechte, stv. Vorsitzende Transparency International Deutschland",280623822,BÃ¼ndnis 90/Die GrÃ¼nen,1
,,"Mitglied des Landtags NRW Sprecher fÃ¼r Wirtschaft und Energie der AfD Fraktion



Dipl.-Kfm.



https://t.co/gk7rdXDKE3



https://t.co/JvnRvcPIdR",,,5
792,a_grotheer,"Bremerin, PrÃ¤sidentin der Bremischen BÃ¼rgerschaft, Juristin, Sozialdemokratin, â€˜auf Zackâ€˜, hier mit meiner persÃ¶nlichen Meinung. Frauchen von @pupperpoppy",2222055261,SPD,2
,,"Fortschritt fÃ¼r alle. Durch Ideen. Die Partei des Fortschritts.







https://t.co/dcc7eHry7O







https://t.co/04XBxE8NbX",,,6
,,"Politik, Polemik und ein hauch privatesğŸ¨               



1,5Â° UltrağŸŒ»ğŸŒ



#fckafd",,,1
,,"Offizieller Twitter-Account des Parteivorstandes der 



Deutschen Kommunistischen Partei (DKP), 



HoffnungstraÃŸe 18, 45127 Essen,



E-Mail: twitter@dkp.de",,,0
572,NataschaKohnen,#Abgeordnete #BayerischerLandtag #BÃ¼cherwurm #liebtfrischeluft ğŸƒ,2702631395,SPD,6
1525,klauslederer,"WeltbÃ¼rger, Linker, Mitglied des Abgeordnetenhauses von Berlin, hier privat",919760365,DIE LINKE,0
777,HeikoStrohmann,ğŸ› MdBB | ğŸ™ Sprecher Stadtentwicklung | FÃ¼r eine lebendige und grÃ¼ne Innenstadt ğŸ¡,9.23186112323113E+017,CDU,6
1303,EiblMdl,Landtagsabgeordneter der Freien WÃ¤hler Fraktion,1.06212971588803E+018,Freie WÃ¤hler,4
728,d_lutzow,AfD KÃ¤mpfer patriotisch sozial,8.0278298855508E+017,AfD,5
,,Es zwitschert der Landesverband der AfD Rheinland-Pfalz + https://t.co/pbIuKuig0gâ€¦ + https://t.co/NlBQE9VTc4â€¦ + https://t.co/7O1Dgd2JFf,,,5
2007,bmel,Bundesministerium fÃ¼r #ErnÃ¤hrung und #Landwirtschaft. Bundesminister ist @cem_oezdemir Impressum: https://t.co/CT6uVMJsh1,322697372,NA,6
1772,PraesidentLT_ST,"PrÃ¤sident des Landtages Sachsen-Anhalt, PrÃ¤sident DNK @kulturerbe_DNK, STS Kultur a.D., Fan vom Ringheiligtum PÃ¶mmelte und #Kultur #wirdgemacht #gibtSinn",2373576763,CDU,6
825,GngrYilmaz6,Hamburg Parteien in Deutschland Bundesregierung &-behÃ¶rden Demokratie Migration Frauenrechte,9.62659367000801E+017,SPD,1
,,"Ministerium fÃ¼r Familie, Frauen, Kultur und Integration in #RLP.



Datenschutz & Netiquette: https://t.co/hHgqs11rcgâ€¦",,,6
218,Schuster_MdEP,Europaabgeordneter ğŸ‡ªğŸ‡º fÃ¼r Bremen und Bremerhaven (@spdde) | Dieser Account ist nicht mehr aktiv - Anfragen bitten per Mail: infoâœ‰https://t.co/nyCNZPF5lF,1.15267576121207E+018,SPD,2
232,FlorianPost,"Stolzer Zwillings-MÃ¤dchen-Papa, Ehemann, Bundestagsabgeordneter (2013-2021), Focus-Kolumnist, JÃ¤ger, Skifahrer, Klartexter, vormalig SPD- jetzt CSU-Mitglied",721532130,SPD,3
699,AnjaKofbinger,Feministin & begeisterte Homosexuelle| SpÃ¤ti-Fan| MilieuschÃ¼tzerin |,313307285,BÃ¼ndnis 90/Die GrÃ¼nen,1
275,SBarrientosK,KÃ¼nstlerin Kulturlobbyistin Publizistin | #kultur #antira #feminismus,176102376,DIE LINKE,1
,,"Stellvertretender Vorsitzender der AfD-Bundestagsfraktion im 20. Deutschen Bundestag. 







FB: https://t.co/APcCpLsHGwâ€¦



IG: https://t.co/vkMUrOy2iw",,,5
1539,MathiasSchulz,ğŸ› Abgeordneter fÃ¼r den #Wedding | Sprecher fÃ¼r Stadtentwicklung und Brandenburg @spdfraktionbln | Kennt das Ende der Fahnenstange. ğŸš©,96621861,SPD,2
377,larscastellucci,"Bundestagsabgeordneter, stv. Vorsitzender Innenausschuss, Sprecher fÃ¼r Migration und Integration, Beauftragter fÃ¼r Kirchen und Religionsgemeinschaften @spdbt",17269629,SPD,2
268,SabineLeidig,"bewegungslinkelinke, kapitalismuskritische  Verkehrswendepolitikerin fÃ¼r Klimagerechtigkeit und Ãœberwindung imperialer Lebensweise",257261232,DIE LINKE,0
,,"âŒ¨ Pressestelle des Finanzministeriums #RLP



Impressum: https://t.co/wzybQrwsJj Datenschutz: https://t.co/KNpILUnS4W Netiquette: https://t.co/9IbqbNqW6e",,,6
,,"stellv. Fraktionsvorsitzender der AfD-Fraktion in der BVV Pankow,



Physiotherapeut (https://t.co/lZQskZovHI.),



ehemaliger Abgeordneter im Berliner Abgeordnetenhaus (18.WP)",,,5
,,"Zwei StÃ¤dte, 27 Abgeordnete: Wir fÃ¼r Bremen und Bremerhaven.



Hier twittert das Presseteam der SPD-Fraktion Bremen.",,,2
908,kathrin_anders,ğŸ’šğŸŒ» MdL Hessen Sprecherin fÃ¼r #Gesundheit #Geburtshilfe #Kinderrechte #Kinderschutz #Kinderbetreuung #Grundschulen,1257763721,BÃ¼ndnis 90/Die GrÃ¼nen,6
,,"Tiere, Klima, Gerechtigkeit.#vegan #tierrechte #agrarwende #mobilitÃ¤tswende #lsbttiq",,,0
1318,erwinkoehlermdl,Landtagsabgeordneter im Wahlkreis Eppingen  #ltwbw21 im #wkeppingen - Stadtrat GrÃ¼ne Lauffen a.N. - Mitglied bei,1.37391255823922E+018,BÃ¼ndnis 90/Die GrÃ¼nen,1
1239,Denny_Jankowski,AfD Kreissprecher Gera-Jena-Saale-Holzland-Kreis (https://t.co/FURRanAK0T),8.10928252912775E+017,AfD,5
1603,Beatrix_vStorch,"#MdB 20. Deutscher #Bundestag, stellv. Fraktionsvors. THERE IS NO SUCH THING AS â€MY PRONOUNâ€œ Tweets v. #BvS & Team. https://t.co/SJ6nKYW3cW",805308596,AfD,6
615,FRANKENSPRECHER,FÃ¼r die Zukunft unserer Kinder! #Frankensprecher #Kultur #Soziales #Gesundheit #Pflege #FREIEWÃ„HLER #Ansbach #Mittelfranken #Franken #MdL #BayernsstarkeMitte,132575615,Freie WÃ¤hler,6
721,hennerschmidt,"Umwelt-, Klima -, Energie- und Verkehrspolitik. FDP.",27928326,FDP,4
,,"MdL, Mitglied des ThÃ¼ringer Landtags



GeschÃ¤ftsfÃ¼hrende Gesellschafterin VACOM",,,6
826,TschenPe,BÃ¼rgermeister der Freien und Hansestadt Hamburg | PrÃ¤sident des Deutschen @Bundesrat | hier persÃ¶nlich | dienstlich @Senat_Hamburg,2715759820,SPD,6
1058,marc_herter,OberbÃ¼rgermeister in Hamm und InterimsLandesvorsitzender der NRWSPD. -hier privat unterwegs-,78302022,SPD,2
1923,CDUNRW_de,Die groÃŸe Volkspartei der Mitte in #NRW. Vorsitzender & MinisterprÃ¤sident: @HendrikWuest. GeneralsekretÃ¤r: @PaulZiemiak.,102371677,CDU,3
,,"Basisdemokratische Partei Deutschlands: Volksabstimmungen & Direkte Demokratie.







ğŸ’šFreiheit



ğŸ’™Machtbegrenzung



â¤ï¸Achtsamkeit



ğŸ§¡Schwarmintelligenz",,,6
,,"Mit Malu Dreyer gemeinsam fÃ¼r ein starkes, gerechtes, sozialdemokratisches Rheinland-Pfalz! Mehr dazu auf https://t.co/1A0ND0CrS4! ğŸ¤â¤ï¸",,,2
1366,KuchSimon,FÃ¼r die Menschen in unserer Heimat. Mitglied des Landtages Sachsen-Anhalt+KreisrÃ¤tin+Mutter+Ehrenamtlerin+Demokratin+Unternehmerin - EINE VON EUCH - immer!,1.20525391722879E+018,CDU,6
657,Georg_Pazderski,Oberst i.G. (a.D.) | Ehemaliger AfD-Fraktionsvorsitzender im Abgeordnetenhaus von Berlin (Follow und RT sind keine Zustimmung),7.16632913287827E+017,AfD,5
988,williehamburg,"Stellvertretende MinisterprÃ¤sidentin Niedersachsens, Kultusministerin und direkt gewÃ¤hlte grÃ¼ne Landtagsabgeordnete fÃ¼r den Wahlkreis Hannover-Mitte.",17227925,BÃ¼ndnis 90/Die GrÃ¼nen,1
1820,STMUV_Bayern,Hier twittert das Bayerische #Staatsministerium fÃ¼r #Umwelt und #Verbraucherschutz. Das erste Umweltministerium in Deutschland und weltweit!,2972715026,NA,6
2008,BMUV,"FÃ¼r das Bundesministerium fÃ¼r Umwelt, Naturschutz, nukleare Sicherheit und Verbraucherschutz twittert das Social-Media-Team des #BMUV.",162620982,NA,6
,,Hier twittert die politische Partei Wir BÃ¼rgerLiberal.Konservativ. Impressum:https://t.co/GIji6KOj2xhttps://t.co/MtcOh7Up4b,,,5
1587,katjakipping,Sozialpolitikerin. hier privat https://t.co/2cElEoEwLm,28066013,DIE LINKE,6
1209,JetteWaldinger,Landtagsabgeordnete SSW,7.86159623623529E+017,SSW,6
2039,StM_Klose,Staatsminister fÃ¼r Soziales und Integration (@SozialHessen) der @reghessen. Fighting Corona. BrÃ¼cken statt Mauern. Vorsitzender #IntMK 22/23. er/he,9.13228703983661E+017,BÃ¼ndnis 90/Die GrÃ¼nen,6
205,Bue_So,"Eine BÃ¼rgerrechtsbewegung die fÃ¼r eine neue Weltwirtschaftsordnung kÃ¤mpft - schaut euch die Welt an, wir brauchen dringend eine neue...",232830595,BÃ¼rgerrechtsbewegung SolidaritÃ¤t,6
1726,ThomasHeilmann,"MdB fÃ¼r Steglitz-Zehlendorf, Klimapolitiker, Vors. der KlimaUnion, Justizsenator a.D., Unternehmer, Autor vom #NEUSTAAT, CDU | Team kommentiert mit /TTH ğŸ‡ºğŸ‡¦",56806603,CDU,3
2012,GrueneBundestag,Auf GrÃ¼n kommtâ€™s an!,22725119,BÃ¼ndnis 90/Die GrÃ¼nen,1
1928,VerkehrNRW,"Twitter-Account des Ministeriums fÃ¼r Umwelt, Naturschutz und Verkehr des Landes Nordrhein-Westfalen (MUNV NRW) zum Thema #MobilitÃ¤t. Folgen Sie auch @UmweltNRW!",8.89502518321066E+017,NA,6
212,spdde,Soziale Politik fÃ¼r Dich.,26258162,SPD,2
1962,sozmiSH,"Hier twittert das Social-Media-Team des Sozialministeriums Ã¼ber Neues zu den Themen KiTa, Jugend, Familie, Senioren, Integration und Gleichstellung.",1.08366923550698E+018,NA,6
673,UelkerRadziwill,"Co-Vorsitzende Forum DL21-Die Linke in der SPD. 2001-2021 Sprecherin fÃ¼r Soziales der SPD-Fraktion #AGH, StaatssekretÃ¤rin a.D. #Sozi #Berlinerin #MdA",2573069617,SPD,2
,,"Freier Demokrat



VizeprÃ¤sident des Hessischen Landtags



Landtagsabgeordneter



Staatsminister a.D.",,,4
55,TillMansmann,"SÃ¼dhessisches MdB | Entwicklungspolitischer Sprecher @fdpbt | Innovationsbeauftragter ""GrÃ¼ner Wasserstoff"" @BMBF_Bund | Mitglied im Finanzausschuss",9.52029866283283E+017,FDP,4
,,"#DGB-Vorsitzende @dgb_news | ÃœberzeugungstÃ¤terin |  Feministin | 







Impressum/Datenschutz: https://t.co/TmfOKxo2M1",,,0
282,HESommer,2017-2021 Member of the German Bundestag | Member of the OSCE-PA| Historian and Gender Scientist ğŸ‡ºğŸ‡¦,123882918,DIE LINKE,6
286,HildeMattheis,Linke Sozialdemokratin,115612153,DIE LINKE,2
1299,thereallenzii,Bundestagsabgeordnete im Eifel-Mosel Kreis Teenie-Abgeordnete #eifelkreisbitburgprÃ¼m  #vulkaneifel #bernkastelwittlich #SPD #Feministin,38250199,SPD,2
,,"Mitglied im #EUParlament 



Fachpolitische Sprecherin der ID-Fraktion fÃ¼r Frauenrechte sowie Kultur und Bildung als Koordinatorin in den AusschÃ¼ssen FEMM & CULT",,,6
1570,RenateKuenast,"Feministin, Foodie, GÃ¤rtnerin. AnwÃ¤ltin, Sozialarbeiterin, MdB. Verbraucherministerin.a.D , KÃ¤mpfe fÃ¼r das Recht + RechtaufNahrung #darumGrÃ¼n",1225265288,BÃ¼ndnis 90/Die GrÃ¼nen,1
1813,cdu_fraktion_th,HEIMAT. LAND. THÃœRINGEN. | Politik aus dem ThÃ¼ringer Landtag | Vorsitzender @mariovoigt,96122129,CDU,3
1156,ThomasLoeserDD,Lehrer/ #MdL @saxgruene/ Direktmandat #Dresden #Altstadt #Neustadt/ #Stadtrat/ #Wohnen #Stadtentwicklung #Baukultur #Denkmal #Bildung #Kultur #Antifaschist,382136566,BÃ¼ndnis 90/Die GrÃ¼nen,1
579,MichaelPiazolo,Staatsminister fÃ¼r Unterricht und Kultus / Stellv. Landesvorsitzender der Freien WÃ¤hler Bayern / Vorsitzender der Freien WÃ¤hler MÃ¼nchen,2832862151,Freie WÃ¤hler,6
,,"MdB fÃ¼r die #SÃ¼dpfalz | Parl. StaatssekretÃ¤r @bmbf_bund | @EYL40 | 



(TB) = Team Brandenburg",,,6
1982,FDP_LSA,Wir sind eure liberale Stimme in Sachsen-Anhalt. ğŸ’› Jetzt Mitglied werden! #VielZuTun,19181881,FDP,4
1989,spd_lt_lsa,Wir machen soziale Politik fÃ¼r Dich.,7.69226260786106E+017,SPD,2
1682,zoe_gruene,ğŸŒ» Direkt gewÃ¤hlte Bundestagsabgeordnete fÃ¼r KarlsruheğŸ‘©â€ğŸ“ Dr.-Ing. âœŠ FÃ¼r #klimaschutz #tierschutz #tierrechte #zusammenhalt ğŸŒ±ğŸ’ª plant powered ğŸ€ Zoe+Team,1.22866269631822E+018,BÃ¼ndnis 90/Die GrÃ¼nen,1
1625,mlpdde,Marxistisch-Leninistische Partei Deutschlands - Die sozialistische Alternative! // Kontakt: info@mlpd.de // Werde Mitglied: https://t.co/6VEEgUtlv2,8.6798626739227E+017,MLPD,0
1129,SaschaZehner,"Christ - Abgeordneter im SaarlÃ¤ndischen Landtag - Vorsitzender der CDU-Fraktion SaarbrÃ¼cken: ""FÃ¼r Freiheit muss man etwas wagen"" - Tweets Privatmeinung",27898892,CDU,3
978,PhilippRaulfs,Landtagsabgeordneter fÃ¼r den Gifhorner SÃ¼dkreis,75813892,SPD,6
1262,linkeanja,"MdLThÃ¼ringen,Mensch,Leidenschaftlich,Demokratietante,Links",60985121,DIE LINKE,0
1536,romansen1337,#Berlin born&raised | football fanatic | Vorsitzender FDP #MaHe| #feminist | â¤ï¸ğŸ‡ªğŸ‡º,895828559,FDP,4
739,ErikStohn,#engagiert #sozi #brandenburg FÃ¼r die Region und die Fraktion,1.03232029288221E+018,SPD,2
602,PeterTomaschko,Mitglied des Bayerischen Landtags - CSU-Kreisvorsitzender Aichach-Friedberg,282755900,CSU,3
625,ChGraeff,"Berliner| Abgeordneter in Berlin fÃ¼r Biesdorf, Marzahn, Friedrichsfelde| Mittelstand| Gesundheit, Pflege| Energie| Lebensmotto: Humor, Kiez & Kosmos",7.98811366735782E+017,CDU,6
1216,L_Petersdotter,ğŸ“Direkt gewÃ¤hlter Abgeordneter fÃ¼r Kiel-Nord. ğŸ›ï¸ Landtag Schleswig-Holstein. ğŸŒ± GrÃ¼n. Fraktionsvorsitzender. ğŸ”¨ Sprecher fÃ¼r Wirtschaft und Arbeit.,1281030502,BÃ¼ndnis 90/Die GrÃ¼nen,1
211,MatthiasHauer,Bundestagsabgeordneter ğŸ‡©ğŸ‡ª | Direktmandat ğŸ—³ | Essen ğŸ˜ und Ruhrgebiet ğŸ™ | Finanzen ğŸ’¶ und Digitales ğŸ‘¨ğŸ¼â€ğŸ’» | gegen Extremismus ğŸ” | Anwalt âš–ï¸ | CDU ğŸ““,1158585210,CDU,3
963,SebLechner,"Landes- und Fraktionsvorsitzender der @CDUNds, Landtagsabgeordneter fÃ¼r Neustadt & Wunstorf.",1088619268,CDU,3
,,"Landtagsabgeordneter im Bayerischen Landtag I



Fraktion BÃœNDNIS90/DIEGRÃœNEN I Rechtspolitischer Sprecher",,,1
952,althusmann,Landesvorsitzender der @CDUNds & Abgeordneter des NiedersÃ¤chsischen Landtags,7.77276273187959E+017,CDU,3
555,TobiasReissMdL,"MdL, Parlamentarischer GeschÃ¤ftsfÃ¼hrer der CSU Fraktion im Landtag #OberpfÃ¤lzer #CSU",9.81110123958587E+017,CSU,3
753,WieseFranz,Landtagsabgeordneter der AfD,2218298256,AfD,5
557,BarbaraRegitz,Direkt gewÃ¤hlte Abgeordnete #nÃ¼rnberg #nord #LTWBY2018 CSU,9.27502529229266E+017,CSU,3
,,"AfD LSA Landesvorstandsmitglied



https://t.co/esZZ1iwHG8â€¦",,,5
1689,Hoffmann_MdB,"MdB, Innenpolitischer Sprecher der CSU im Bundestag I #CSU I #Miltenberg #MainSpessart",1.19381682351917E+018,CSU,3
170,AlexanderRadwan,"Direkt gewÃ¤hlter Abgeordneter fÃ¼r Bad TÃ¶lz-Wolfratshausen und Miesbach. Europa & AuswÃ¤rtiges, manchmal noch Finanzen. Europapolitischer Sprecher der CSU im BT.",2831760211,CSU,3
1732,balzer_dr,"Landtagsabgeordneter der AfD aus Bad SchÃ¶nborn, fÃ¼r den Wahlkreis 29. Seit 2016 im Landtag von Baden-WÃ¼rttemberg.",1.28122050057697E+018,AfD,5
578,TSchorerDremel,Stellvertretende Vorsitzende der CSU Landtagsfraktion Vorsitzende der Kinderkommission des Bayerischen Landtags,3026151123,CSU,3
622,huber_ebe,"Vors. Arbeit u. Soziales, Familie u. Jugend CSU-Landtagsfraktion, CSU-Kreisvorsitzender, Landesvorsitzender Wasserwacht Bayern, Vors. CSU-Familienkommission",56507365,CSU,3
,,"GrÃ¼n. Lila. Bunt. MdL.



sie|she",,,1
605,KohlerJochen,"Bayerischer Landtagsabgeordneter, CSU-Kreisvorsitzender, auf Twitter privat unterwegs...",399257253,CSU,3
,,"Mitglied des Bayerischen Landtags, CSU, Stimmkreis Passau-West,



Mitglied der AusschÃ¼sse Bildung, Jugend und Sport sowie Hochschule, Forschung und Kultur",,,3
1872,SenBJF,"Hier twittert das Social Media Team der Senatsverwaltung fÃ¼r Bildung, Jugend und Familie.",9.19117700726706E+017,NA,6
,,"#MachenStattSÃ¶dern! FÃ¼r ein bezahlbares Bayern. FÃ¼r soziale Politik. FÃ¼r Dich.



https://t.co/ODUEyhtUu7",,,2
250,Dr_KlausBuchner,"Prof. Dr. Klaus Buchner, ehem. EU-Abgeordneter der Ã–DP, ehem. Univ.-prof. TU MÃ¼nchen. Aktuell im politischen (Un)Ruhestand. Hier twittert Team Buchner (TB)",2257770268,Ã–DP,6
1666,HierlSusanne,"Dies ist der offizielle Account von Susanne Hierl, MdB (CSU).",1.35272256226053E+018,CSU,3
1589,kaiwegner,Regierender BÃ¼rgermeister von Berlin @RegBerlin | Landesvorsitzender der @cduberlin,39999872,CDU,3
265,PaulZiemiak,ğŸ‡©ğŸ‡ª ğŸ‡ªğŸ‡º Mitglied des Deutschen Bundestages     |     ğŸ™ GeneralsekretÃ¤r @CDUNRW_de | ğŸ¡ Iserlohner,288696625,CDU,3
573,WBausback,Bayer. Justizmin. aD ( 2013 â€”2018) ~ CSU Landtagsabgeordneter @Landtag_Bayern ~ Vorsitzender UA Maske ~ Kreisvorsitzender CSU Aâ€™burg Stadt ~csu_lt,2892696752,CSU,3
127,Marcus_Buehl,"Mitglied der AfD-Bundestagsfraktion, Mitglied im Haushaltsausschuss, stellv. Mitglied im Innenausschuss. Ihre ThÃ¼ringer Stimme in Berlin.",7.29360191263781E+017,AfD,5
191,Dr_Roy_Kuehne,"Bundestagsabgeordneter fÃ¼r Northeim, Goslar und Osterode",1906911697,CDU,6
208,Florian_Ossner,"Dipl.-Volkswirt (Uni), Bundestagsabgeordneter Landshut-Kelheim, Obmann im Haushaltsausschuss (CDU/CSU), CSU-Kreisvorsitzender, stellv. CSU-Bezirksvorsitzender",1292532362,CSU,3
,,Hier twittert das Presseteam der Senatorin fÃ¼r Wissenschaft und HÃ¤fen des Landes Bremen. #PortsLoveScience | Impressum: https://t.co/7Qj4JR0OYo,,,6
1087,MiWae21,MdL #LTRLP #Landtag #RLP der #CDUFraktionrlp Beauftragter fÃ¼r #Pflege #Pflegepolitik pro #Pflegekammer #cdurlp #kreisaltenkirchen #cduak #MiWae21 #wegenmorgen,3096216285,CDU,3
2037,AWagnerScheid,"Mitglied des SaarlÃ¤ndischen Landtags, stv Bundesvorsitzende Frauen Union, Landesvorsitzende FU Saar, SaarlÃ¤nderin, Familienmensch",1.0627523729925E+018,CDU,3
213,CSU,Hier twittert das CSU-OnlineTeam. Impressum: https://t.co/VJFsfiOaeJ Informationen zum Datenschutz: https://t.co/FOavB8KCvn,21107582,CSU,3
,,"ğŸ“£Mitglied des Landtages Mecklenburg-Vorpommerns



ğŸŒ»BÃœNDNIS 90/DIE GRÃœNENğŸ’š 



ğŸŒVoller Energie fÃ¼r Klima und Forschung



ğŸ”¬Physiker am MPI fÃ¼r Plasmaphysik",,,1
,,"MEP ğŸ‡ªğŸ‡º ğŸ‡©ğŸ‡ª 



Chairman @FWHessen, Deputy Chairman @FREIEWAEHLER_BV



Economy, Foreign Affairs & Human Rights



@PDE_EDP @RenewEurope",,,6
1733,RuedigerKlos,2016 AfD-Landtags-Direktmandat Mannheim I (Wahlkreis 35). 2021 im Wahlkreis 55 Tuttlingen-Donaueschingen wieder in den Landtag gewÃ¤hlt.,1.32980068082505E+018,AfD,5
1723,Kiessling_MdB,"Bundestagsabgeordneter, Wahlkreis Starnberg-Landsberg, #CSU, Mitglied in den AusschÃ¼ssen fÃ¼r Umwelt und fÃ¼r Bau, Wohnen, Kommune und Stadtentwicklung",730312292,CSU,3
889,ElkeBarth_MdL,Philologin | Mitglied des Hessischen Landtags | Mittelstandspolitische Sprecherin,9.30355520877808E+017,SPD,6
875,carola_veit,"Mitglied der Hamburgischen BÃ¼rgerschaft, Genossin, Mutter, twittert selbst.",16995339,SPD,2
325,PatrickSensburg,President German Armed Forces Reserve Association,23537931,CDU,6
223,MHohlmeier,"FÃ¼r Oberfranken und die @CSU im EuropÃ¤ischen Parlament. Chair of the Budgetary Control Committee (CONT), Member of the Committee on Budgets and of the CCC",2902028273,CSU,3
,,"Christliche, politische Partei.







2018/19 mit @Arne_Gericke MdEP aD im Europaparlament.







ğŸ‡ªğŸ‡ºMitglied bei @ECPM_official & @ecrgroup",,,3
923,MdLFernandes,Thomas de Jesus Fernandes - Stellv. Fraktionsvorsitzender der AfD im #Landtag MV| #Politik #MV #AfD #LtMV #MdL #AfDFraktion_MV #Schwerin #Waren,7.93791281709208E+017,AfD,5
2013,csu_bt,Willkommen bei der CSU im Bundestag. Aus Bayern. FÃ¼r Deutschland.,7.27696132295651E+017,CSU,3
,,"Landtagsabgeordneter #NRW |



Kreissprecher im AfD-Kreisverband Warendorf",,,5
1630,Graue_Panther_,Hier twittert keine Rentnerpartei! Wir kÃ¤mpfen fÃ¼r soziale Gerechtigkeit in allen Altersklassen.,2829583201,Graue Panther,2
1626,DieUrbane,"Systeme Ã¼berwinden, die uns kaputt machen: Kolonialismus/Kapitalismus/Rassismus/white supremacy/Antisemitismus/Patriarchat/cis-HeteronormativitÃ¤t/Ableismus",8.6552230965889E+017,Die Urbane,0
757,HeinerOburg,"bÃ¼ndnisgrÃ¼ner MdL in Brandenburg, zustÃ¤ndig fÃ¼r Wirtschaft, Europa und Kommunales",2230982293,BÃ¼ndnis 90/Die GrÃ¼nen,1
1825,cjgaebler,"https://t.co/8Wmle0XFeE.Verkehrswesen,FuÃŸball-Schiri/-Spieler,VizeprÃ¤s.Berliner FuÃŸball, ChorsÃ¤nger, SPD, Senator fÃ¼r Stadtentwicklung, Bauen und Wohnen in Berlin, hier privat",220017320,SPD,2
1028,becker_horst,"PStS i.R., Kreistagsmitglied Rhein-Sieg-Kreis und Stadtrat Lohmar",1106221621,BÃ¼ndnis 90/Die GrÃ¼nen,6
259,PeterAumer,#Bayer #Abgeordneter WK Regensburg / Ausschuss #Arbeit und #Soziales / #CSU,328260907,CSU,3
1601,EnricoKomning,Enrico Komning | AfD | Mitglied des Bundestages,7.81727720897892E+017,AfD,5
,,"AfD-Landtagsabgeordneter im Land Brandenburg



Vorsitzender im AfD-Stadtverband Frankfurt (O), stellv. AfD- Fraktionsvorsitzender in Frankfurt (O.)",,,5
738,HCBerndt,BÃ¼rger-Bewegung ins Parlament! BÃ¼rger-Bewegung in die AfD!| Landtagsabgeordneter in Brandenburg,1.02781870359166E+018,AfD,5
,,"Dr. Patrick Breyer, Europaabgeordneter/Member of the European Parliament @Piratenpartei & @EuropeanPirates. 



#JoinMastodon: @echo_pbreyer@digitalcourage.social",,,6
,,"Klaus Holetschek MdL (CSU), in Memmingen daheim, fÃ¼r Bayern Minister, im AllgÃ¤u verwurzelt.



#bayern #bayerngemeinsam



https://t.co/Hsx5xH96kN",,,3
1582,UliFreese,"Kreistagsabgeordneter SPN, ehem. Bundestagsabgeordneter (2013-21)",2317202160,SPD,2
1080,nico_steinbach,-Abgeordneter im Landtag Rheinland-Pfalz (WK Bitburg-PrÃ¼m)     -LandesgeschÃ¤ftsfÃ¼hrer der SGK Rheinland-Pfalz,1.05507258988913E+018,SPD,6
1656,JoachimWundrak,"Generalleutnant a. D., Stv. Vorsitzender im Arbeitskreis #AuÃŸenpolitik, Mitglied im Arbeitskreis #Verteidigung, Wahlkreis Friesland-#Wilhelmshaven-Wittmund",1.38998017803881E+018,AfD,6
,,"Ich bin Lena KotrÃ© und Abgeordnete der AfD im Landtag Brandenburg.



Ihnen werde ich im Landtag eine starke Stimme geben!",,,5
720,HendrikjeKlein,"MdA, Sprecherin fÃ¼r #Personal #Verwaltung #BÃ¼rgerbeteiligung, direkt gewÃ¤hlt in #Lichtenberg #Friedrichsfelde #Weitlingkiez #Tierpark #Berlin natÃ¼rlich links",27951819,DIE LINKE,0
712,Wollihood,Innen- und sportpolitischer Sprecher der AfD Fraktion im Abgeordnetenhaus von Berlin #AGH,53931562,AfD,5
86,S_Muenzenmaier,Stellv. AfD-Fraktionsvorsitzender | Ihr Abgeordneter aus Rheinland-Pfalz,8.63657872921256E+017,AfD,5
1127,johann_sandra,"Sandra | 36, SaarlÃ¤nderin, Christdemokratin, Landtagsabgeordnete & Lehrerin im Herzen |",29765631,CDU,3
,,"Abgeordneter der AfD im sÃ¤chsischen Landtag. 







Haushalts- und Finanzpolitischer Sprecher







Vorsitz Auschuss Regionalentwicklung







Stadtrat in Dippoldiswalde",,,5
96,Rene_Springer,AfD | Brandenburg | Abgeordneter im Deutschen Bundestag | Arbeits- und sozialpolitischer Sprecher der AfD-Fraktion | stv. Mitglied im AuswÃ¤rtigen Ausschuss,8.31521837965967E+017,AfD,5
708,burkarddregger,"Mensch, Deutscher, EuropÃ¤er, Christdemokrat",198518653,CDU,3
,,"Twitter-Account des Ministeriums fÃ¼r #Umwelt, #Naturschutz und #Verkehr des Landes NRW (MUNV).



Impressum: https://t.co/vNrPDzOtOA",,,6
1150,ChMelcher,Direkt gewÃ¤hlt in #Leipzig #Leipzigmitte fÃ¼r den #Landtag und Bildungspolitik fÃ¼r @saxgruen #Sachsen #fff #wirsindmehr #unteilbar  #usedom,875210228,BÃ¼ndnis 90/Die GrÃ¼nen,1
,,"Mitglied des Berliner Abgeordnetenhauses -



AfD Fraktion - Rechtspolitischer Sprecher



Antikommunist - Nationalliberal - Patriot - Islamkritiker",,,5
,,Die SGP ist die deutsche Sektion des Internationalen Komitees der Vierten internationale (#ICFI). Wir verÃ¶ffentlichen die World Socialist Web Site (https://t.co/g4gHoht0sq).,,,2
101,katrin_staffler,Mitglied des Deutschen Bundestages ğŸ‡©ğŸ‡ª | Direkt gewÃ¤hlte Abgeordnete fÃ¼r den Wahlkreis FFB/DAH ğŸ’™ğŸ¤ | Bildung und Forschung ğŸ“šğŸ”¬,8.25019912083038E+017,CSU,6
,,"Professor fÃ¼r Verbraucherschutz



Mitglied des dt. Bundestages 2017-2021 



2015-2017 Sprecher AfD BW 



BÃ¼cher u.a.: ""Was von Deutschland Ã¼briggbleibt""; ""DEXIT"".",,,5
1557,AfdJens,"Mitglied des Landtags von MV, Agrarpolitischer Sprecher, Landesschatzmeister, Vorsitzender des AfD Kreisverbands VG, Mitglied des Kreistags VG",1.32327707862882E+018,AfD,5
1171,DetlefGurth,"Landesvorsitzender Mittelstands - und Wirtschaftsvereinigung MIT Sachsen-Anhalt, Landtagsabgeordneter Sachsen-Anhalt",1.17076325162877E+018,CDU,6
1556,SchmidtSchwerin,"AfD MdL aus Schwerin, Dipl.-Kfm., Finanzberater, Journalist",1.17356213006373E+018,AfD,5
,,"Marcus Spiegelberg | MdL von Sachsen-Anhalt | Direktkandidat aus WeiÃŸenfels | Stellv. Landesvorsitzender der JA Sachsen-Anhalt | 



Teamtweets markiert mit *",,,5
1187,robert_farle,Bis zum 06. Juni 2021 Parlamentarischer GeschÃ¤ftsfÃ¼hrer der AfD-Fraktion Sachsen-Anhalt | Bundestagsabgeordneter fÃ¼r den Wahlkreis Mansfeld,2958611710,AfD,5
1212,harms_lars,"Vorsitzender SÃ¼dschleswigscher WÃ¤hlerverband (SSW) im Schleswig-Holsteinischen Landtag - Politik, Nordfriesland, Friesland, Friesisch, Schleswig-Holstein, HSV.",3027936761,SSW,6
663,FrankHansel,"Geb. in Wiesbaden, aufgewachsen MÃ¼nchen, s. 1986 Berlin, v. 2013 bis 2023 Landesschatzmeister AfD Berlin, Mitglied AgH Berlin https://t.co/hy2InhMu7f",3326521251,AfD,5
189,TErndl,MdB CSU | Stv. Vorsitzender AuswÃ¤rt. Ausschuss | Deputy Chair Foreign Affairs Committee | Sprecher fÃ¼r Internationales & Sicherheit @csu_bt | Stv. PrÃ¤s. VdRBw,2192588903,CSU,3
,,ğŸ—Seit 1946 : BESSER FÃœR BAYERN .ğŸ—,,,6
512,DrChristinaBaum,"von 2016-2021 fÃ¼r die AfD im Landtag BW. Wahlkreis 23, Main-Tauber. Jetzt Bundestagsabgeordnete der AfD. Landesgruppe Baden-WÃ¼rttemberg",9.55899832325701E+017,AfD,5
,,"AfD-MdL aus ThÃ¼ringen.ğŸ˜€ 



Sprecher fÃ¼r  Wohnungsbau und Verkehr



Fraktionschef AfD-Kreistagsfraktion ABG",,,5
,,"Wahlkreis #Marzahn 1 direkt gewonnen,



#AFD Fraktion im #AGH, Sprecher fÃ¼r Migration und Remigration,



LaVo Mitglied AfD Berlin







https://t.co/Zr3aljKX4f",,,5
1507,brunnersandra1,Bezirksvorsitzende @LinkePankow * MdA 2021-2023,8.03250600231285E+017,DIE LINKE,0
652,ineslinks,Soziale Gerechtigkeit muss auch gelebt werden.,7.23326711815627E+017,DIE LINKE,6
,,"Unternehmer, 59, Vorsitzender des Vereins 



Freunde der Staatsreparatur e.V. und



Stv. Vorsitzender des AfD-Bezirksverbandes Steglitz-Zehlendorf.",,,5
,,"Berufsschullehrer, Dozent in der Lehrerfortbildung / Fokus: Medieneinsatz, e-learning /



Freier Demokrat



Aktuell: Mitglied des Landtages von Sachsen-Anhalt",,,4
613,Weidenbusch_E,"Rechtsanwalt, der die Interessen der Menschen aus dem Landkreis MÃ¼nchen im Bayerischen Landtag vertritt (CSU)",152206321,CSU,3
527,NeseErikli,"MdL im Wahlkreis #Konstanz. stv. Fraktionsvorsitzende ğŸ› Vorsitzende im Ausschuss fÃ¼r Wissenschaft, Forschung & Kunst. https://t.co/FcAircF8bU",701283276,BÃ¼ndnis 90/Die GrÃ¼nen,6
600,MaxDeisenhofer,"MdL Bayern, Sprecher fÃ¼r Sport, Medien, Digitale & Berufliche Bildung, #GrÃ¼ne, Kreisrat, LÃ¶wenfan, Handballer, Optimist.",555860560,BÃ¼ndnis 90/Die GrÃ¼nen,1
1367,KathrinTarrico1,"Geboren wurde ich 1965 in Sachsen-Anhalt, habe Landwirtschaft studiert, war Teil der Friedlichen Revolution 1989 und bin heute mit Herz und Seele Liberale.",1.05371873282371E+018,FDP,4
1763,IrisNieland,stellvertretende Vorsitzende der AfD-Fraktion im Landtag Rheinland-Pfalz ğŸ‡©ğŸ‡ª,1.22932257077129E+018,AfD,5
1760,Tamara__Mueller,MdL in RLP - hier privat #Sozialdemokratin #Politik ğŸ“Œ #HunsrÃ¼ck #Mosel #Biologin #Molekularbiologie #NeuroğŸ§  #Klimaschutz ğŸŒ #Wissenschaft,1.21229132328113E+018,SPD,2
529,SabineWoelfle,"Mitglied des Landtags von Baden-WÃ¼rttemberg (2011-2021). Landesvorsitzende des Arbeiter-Samariter-Bund BW & PrÃ¤sidentin des OBV, Systemische Moderatorin",206837572,SPD,6
1395,ThomasDietz_MdB,Deutscher Bundestag  âš’FÃ¼r unser Erzgebirge im Bundestagâš’ AfD,1117821932,AfD,5
1205,GeisslerJonas,JU Bezirksvorsitzender | Stadtrat | Kreisrat | #Kronach,3375072608,CSU,3
132,DorisAchelwilm,@dorisachelwilm@norden.social,2819278705,DIE LINKE,6
1211,linda_lobster,"grÃ¼ne MdB aus Hamburg-Altona fÃ¼r Gesundheit ğŸ©º, Verbraucher*innenschutz ğŸ›’, Gleichstellung. Plus: LangstreckenlÃ¤uferinğŸƒğŸ»â€â™€ï¸, Hummer-Sammlerin ğŸ¦, Mutter ğŸ‘©â€ğŸ‘§",7.96076739622291E+017,BÃ¼ndnis 90/Die GrÃ¼nen,1
1220,MalteKaufmann,Mitglied des Deutschen Bundestages | Unternehmer | Dipl.-Volkswirt | Vorstand AfD HD | Obmann der AfD-Fraktion im Wirtschaftsausschuss,97530120,AfD,5
179,TobiasMPeterka,"â–« Diplom-Jurist, Wirtschaftsjurist (Univ. Bayreuth) â–« Mitglied des Bundestages â–« Rechtsausschuss â–« Bezirksvorsitzender AfD Oberfranken ğŸ‡©ğŸ‡ª",2296102620,AfD,5
1327,GruenerWinkler,"(he/him) Mitglied des Landtages RLP, Vorsitzender des Gesundheitsausschusses, Mitgl. im Kulturausschuss , MdB 2002-2013",1.23885256122006E+018,BÃ¼ndnis 90/Die GrÃ¼nen,6
77,Brehm_inNBGNord,Direkt gewÃ¤hlter Abgeordneter im Wahlkreis NÃ¼rnberg-Nord | Finanz- und haushaltspolitischer Sprecher der CSU im Deutschen Bundestag | Mitglied im CSU-PrÃ¤sidium,9.02302932257293E+017,CSU,3
722,AndreasKalbitz,Das offizielle Twitter-Profil des Abgeordneten der AfD-Fraktion im Landtag Brandenburg.,9.69192366722028E+017,AfD,5
521,FabianGramling,ğŸ‡©ğŸ‡ª Bundestagsabgeordneter @cdu ğŸ—‚ğŸ¦¸ #Versorgungssicherheit ğŸ”‹ #Kreislauf â™»ï¸ #Innovation ğŸš€ & Games ğŸ® @vfb âšªï¸ğŸ”´ Impressum ğŸ‘‡,7.38358276560151E+017,CDU,3
